transaction_id,account_id,booking_date,amount,currency,direction,counterparty,source_system
TX-00001,ACC-002,2026-09-05,200.00,EUR,CREDIT,Synthetic Counterparty 0001,AlpineBank Legacy Finance
TX-00002,ACC-003,2026-09-05,200.00,EUR,CREDIT,Synthetic Counterparty 0002,AlpineBank Legacy Finance
TX-00003,ACC-004,2026-09-05,200.00,EUR,CREDIT,Synthetic Counterparty 0003,AlpineBank Legacy Finance
TX-00004,ACC-005,2026-09-05,200.00,EUR,CREDIT,Synthetic Counterparty 0004,AlpineBank Legacy Finance
TX-00005,ACC-006,2026-09-05,200.00,EUR,CREDIT,Synthetic Counterparty 0005,AlpineBank Legacy Finance
TX-00006,ACC-007,2026-09-05,200.00,EUR,CREDIT,Synthetic Counterparty 0006,AlpineBank Legacy Finance
TX-00007,ACC-008,2026-09-05,200.00,EUR,CREDIT,Synthetic Counterparty 0007,AlpineBank Legacy Finance
TX-00008,ACC-009,2026-09-05,200.00,EUR,CREDIT,Synthetic Counterparty 0008,AlpineBank Legacy Finance
TX-00009,ACC-010,2026-09-05,200.00,EUR,CREDIT,Synthetic Counterparty 0009,AlpineBank Legacy Finance
TX-00010,ACC-011,2026-09-05,200.00,EUR,CREDIT,Synthetic Counterparty 0010,AlpineBank Legacy Finance
TX-00011,ACC-012,2026-09-05,200.00,EUR,CREDIT,Synthetic Counterparty 0011,AlpineBank Legacy Finance
TX-00012,ACC-013,2026-09-05,200.00,EUR,CREDIT,Synthetic Counterparty 0012,AlpineBank Legacy Finance
TX-00013,ACC-014,2026-09-05,200.00,EUR,CREDIT,Synthetic Counterparty 0013,AlpineBank Legacy Finance
TX-00014,ACC-015,2026-09-05,200.00,EUR,CREDIT,Synthetic Counterparty 0014,AlpineBank Legacy Finance
TX-00015,ACC-016,2026-09-05,200.00,EUR,CREDIT,Synthetic Counterparty 0015,AlpineBank Legacy Finance
TX-00016,ACC-017,2026-09-05,200.00,EUR,CREDIT,Synthetic Counterparty 0016,AlpineBank Legacy Finance
TX-00017,ACC-001,2026-09-05,200.00,EUR,CREDIT,Synthetic Counterparty 0017,AlpineBank Legacy Finance
TX-00018,ACC-002,2026-09-05,200.00,EUR,CREDIT,Synthetic Counterparty 0018,AlpineBank Legacy Finance
TX-00019,ACC-003,2026-09-05,200.00,EUR,CREDIT,Synthetic Counterparty 0019,AlpineBank Legacy Finance
TX-00020,ACC-004,2026-09-05,200.00,EUR,CREDIT,Synthetic Counterparty 0020,AlpineBank Legacy Finance
TX-00021,ACC-005,2026-09-05,200.00,EUR,CREDIT,Synthetic Counterparty 0021,AlpineBank Legacy Finance
TX-00022,ACC-006,2026-09-05,200.00,EUR,CREDIT,Synthetic Counterparty 0022,AlpineBank Legacy Finance
TX-00023,ACC-007,2026-09-05,200.00,EUR,CREDIT,Synthetic Counterparty 0023,AlpineBank Legacy Finance
TX-00024,ACC-008,2026-09-05,200.00,EUR,CREDIT,Synthetic Counterparty 0024,AlpineBank Legacy Finance
TX-00025,ACC-009,2026-09-05,200.00,EUR,CREDIT,Synthetic Counterparty 0025,AlpineBank Legacy Finance
TX-00026,ACC-010,2026-09-05,200.00,EUR,CREDIT,Synthetic Counterparty 0026,AlpineBank Legacy Finance
TX-00027,ACC-011,2026-09-05,200.00,EUR,CREDIT,Synthetic Counterparty 0027,AlpineBank Legacy Finance
TX-00028,ACC-012,2026-09-05,200.00,EUR,CREDIT,Synthetic Counterparty 0028,AlpineBank Legacy Finance
TX-00029,ACC-013,2026-09-05,200.00,EUR,CREDIT,Synthetic Counterparty 0029,AlpineBank Legacy Finance
TX-00030,ACC-014,2026-09-05,200.00,EUR,CREDIT,Synthetic Counterparty 0030,AlpineBank Legacy Finance
TX-00031,ACC-015,2026-09-05,200.00,EUR,CREDIT,Synthetic Counterparty 0031,AlpineBank Legacy Finance
TX-00032,ACC-016,2026-09-05,200.00,EUR,CREDIT,Synthetic Counterparty 0032,AlpineBank Legacy Finance
TX-00033,ACC-017,2026-09-05,200.00,EUR,CREDIT,Synthetic Counterparty 0033,AlpineBank Legacy Finance
TX-00034,ACC-001,2026-09-05,200.00,EUR,CREDIT,Synthetic Counterparty 0034,AlpineBank Legacy Finance
TX-00035,ACC-002,2026-09-05,200.00,EUR,CREDIT,Synthetic Counterparty 0035,AlpineBank Legacy Finance
TX-00036,ACC-003,2026-09-05,200.00,EUR,CREDIT,Synthetic Counterparty 0036,AlpineBank Legacy Finance
TX-00037,ACC-004,2026-09-05,200.00,EUR,CREDIT,Synthetic Counterparty 0037,AlpineBank Legacy Finance
TX-00038,ACC-005,2026-09-05,200.00,EUR,CREDIT,Synthetic Counterparty 0038,AlpineBank Legacy Finance
TX-00039,ACC-006,2026-09-05,200.00,EUR,CREDIT,Synthetic Counterparty 0039,AlpineBank Legacy Finance
TX-00040,ACC-007,2026-09-05,200.00,EUR,CREDIT,Synthetic Counterparty 0040,AlpineBank Legacy Finance
TX-00041,ACC-008,2026-09-05,200.00,EUR,CREDIT,Synthetic Counterparty 0041,AlpineBank Legacy Finance
TX-00042,ACC-009,2026-09-05,200.00,EUR,CREDIT,Synthetic Counterparty 0042,AlpineBank Legacy Finance
TX-00043,ACC-010,2026-09-05,200.00,EUR,CREDIT,Synthetic Counterparty 0043,AlpineBank Legacy Finance
TX-00044,ACC-011,2026-09-05,200.00,EUR,CREDIT,Synthetic Counterparty 0044,AlpineBank Legacy Finance
TX-00045,ACC-012,2026-09-05,200.00,EUR,CREDIT,Synthetic Counterparty 0045,AlpineBank Legacy Finance
TX-00046,ACC-013,2026-09-05,200.00,EUR,CREDIT,Synthetic Counterparty 0046,AlpineBank Legacy Finance
TX-00047,ACC-014,2026-09-05,200.00,EUR,CREDIT,Synthetic Counterparty 0047,AlpineBank Legacy Finance
TX-00048,ACC-015,2026-09-05,200.00,EUR,CREDIT,Synthetic Counterparty 0048,AlpineBank Legacy Finance
TX-00049,ACC-016,2026-09-05,200.00,EUR,CREDIT,Synthetic Counterparty 0049,AlpineBank Legacy Finance
TX-00050,ACC-017,2026-09-05,200.00,EUR,CREDIT,Synthetic Counterparty 0050,AlpineBank Legacy Finance
TX-00051,ACC-001,2026-09-05,200.00,EUR,CREDIT,Synthetic Counterparty 0051,AlpineBank Legacy Finance
TX-00052,ACC-002,2026-09-05,200.00,EUR,CREDIT,Synthetic Counterparty 0052,AlpineBank Legacy Finance
TX-00053,ACC-003,2026-09-05,200.00,EUR,CREDIT,Synthetic Counterparty 0053,AlpineBank Legacy Finance
TX-00054,ACC-004,2026-09-05,200.00,EUR,CREDIT,Synthetic Counterparty 0054,AlpineBank Legacy Finance
TX-00055,ACC-005,2026-09-05,200.00,EUR,CREDIT,Synthetic Counterparty 0055,AlpineBank Legacy Finance
TX-00056,ACC-006,2026-09-05,200.00,EUR,CREDIT,Synthetic Counterparty 0056,AlpineBank Legacy Finance
TX-00057,ACC-007,2026-09-05,200.00,EUR,CREDIT,Synthetic Counterparty 0057,AlpineBank Legacy Finance
TX-00058,ACC-008,2026-09-05,200.00,EUR,CREDIT,Synthetic Counterparty 0058,AlpineBank Legacy Finance
TX-00059,ACC-009,2026-09-05,200.00,EUR,CREDIT,Synthetic Counterparty 0059,AlpineBank Legacy Finance
TX-00060,ACC-010,2026-09-05,200.00,EUR,CREDIT,Synthetic Counterparty 0060,AlpineBank Legacy Finance
TX-00061,ACC-011,2026-09-05,200.00,EUR,CREDIT,Synthetic Counterparty 0061,AlpineBank Legacy Finance
TX-00062,ACC-012,2026-09-05,200.00,EUR,CREDIT,Synthetic Counterparty 0062,AlpineBank Legacy Finance
TX-00063,ACC-013,2026-09-05,200.00,EUR,CREDIT,Synthetic Counterparty 0063,AlpineBank Legacy Finance
TX-00064,ACC-014,2026-09-05,200.00,EUR,CREDIT,Synthetic Counterparty 0064,AlpineBank Legacy Finance
TX-00065,ACC-015,2026-09-05,200.00,EUR,CREDIT,Synthetic Counterparty 0065,AlpineBank Legacy Finance
TX-00066,ACC-016,2026-09-05,200.00,EUR,CREDIT,Synthetic Counterparty 0066,AlpineBank Legacy Finance
TX-00067,ACC-017,2026-09-05,200.00,EUR,CREDIT,Synthetic Counterparty 0067,AlpineBank Legacy Finance
TX-00068,ACC-001,2026-09-05,200.00,EUR,CREDIT,Synthetic Counterparty 0068,AlpineBank Legacy Finance
TX-00069,ACC-002,2026-09-05,200.00,EUR,CREDIT,Synthetic Counterparty 0069,AlpineBank Legacy Finance
TX-00070,ACC-003,2026-09-05,200.00,EUR,CREDIT,Synthetic Counterparty 0070,AlpineBank Legacy Finance
TX-00071,ACC-004,2026-09-05,200.00,EUR,CREDIT,Synthetic Counterparty 0071,AlpineBank Legacy Finance
TX-00072,ACC-005,2026-09-05,200.00,EUR,CREDIT,Synthetic Counterparty 0072,AlpineBank Legacy Finance
TX-00073,ACC-006,2026-09-05,200.00,EUR,CREDIT,Synthetic Counterparty 0073,AlpineBank Legacy Finance
TX-00074,ACC-007,2026-09-05,200.00,EUR,CREDIT,Synthetic Counterparty 0074,AlpineBank Legacy Finance
TX-00075,ACC-008,2026-09-05,200.00,EUR,CREDIT,Synthetic Counterparty 0075,AlpineBank Legacy Finance
TX-00076,ACC-009,2026-09-05,200.00,EUR,CREDIT,Synthetic Counterparty 0076,AlpineBank Legacy Finance
TX-00077,ACC-010,2026-09-05,200.00,EUR,CREDIT,Synthetic Counterparty 0077,AlpineBank Legacy Finance
TX-00078,ACC-011,2026-09-05,200.00,EUR,CREDIT,Synthetic Counterparty 0078,AlpineBank Legacy Finance
TX-00079,ACC-012,2026-09-05,200.00,EUR,CREDIT,Synthetic Counterparty 0079,AlpineBank Legacy Finance
TX-00080,ACC-013,2026-09-05,200.00,EUR,CREDIT,Synthetic Counterparty 0080,AlpineBank Legacy Finance
TX-00081,ACC-014,2026-09-05,200.00,EUR,CREDIT,Synthetic Counterparty 0081,AlpineBank Legacy Finance
TX-00082,ACC-015,2026-09-05,200.00,EUR,CREDIT,Synthetic Counterparty 0082,AlpineBank Legacy Finance
TX-00083,ACC-016,2026-09-05,200.00,EUR,CREDIT,Synthetic Counterparty 0083,AlpineBank Legacy Finance
TX-00084,ACC-017,2026-09-05,200.00,EUR,CREDIT,Synthetic Counterparty 0084,AlpineBank Legacy Finance
TX-00085,ACC-001,2026-09-05,200.00,EUR,CREDIT,Synthetic Counterparty 0085,AlpineBank Legacy Finance
TX-00086,ACC-002,2026-09-05,200.00,EUR,CREDIT,Synthetic Counterparty 0086,AlpineBank Legacy Finance
TX-00087,ACC-003,2026-09-05,200.00,EUR,CREDIT,Synthetic Counterparty 0087,AlpineBank Legacy Finance
TX-00088,ACC-004,2026-09-05,200.00,EUR,CREDIT,Synthetic Counterparty 0088,AlpineBank Legacy Finance
TX-00089,ACC-005,2026-09-05,200.00,EUR,CREDIT,Synthetic Counterparty 0089,AlpineBank Legacy Finance
TX-00090,ACC-006,2026-09-05,200.00,EUR,CREDIT,Synthetic Counterparty 0090,AlpineBank Legacy Finance
TX-00091,ACC-007,2026-09-05,200.00,EUR,CREDIT,Synthetic Counterparty 0091,AlpineBank Legacy Finance
TX-00092,ACC-008,2026-09-05,200.00,EUR,CREDIT,Synthetic Counterparty 0092,AlpineBank Legacy Finance
TX-00093,ACC-009,2026-09-05,200.00,EUR,CREDIT,Synthetic Counterparty 0093,AlpineBank Legacy Finance
TX-00094,ACC-010,2026-09-05,200.00,EUR,CREDIT,Synthetic Counterparty 0094,AlpineBank Legacy Finance
TX-00095,ACC-011,2026-09-05,200.00,EUR,CREDIT,Synthetic Counterparty 0095,AlpineBank Legacy Finance
TX-00096,ACC-012,2026-09-05,200.00,EUR,CREDIT,Synthetic Counterparty 0096,AlpineBank Legacy Finance
TX-00097,ACC-013,2026-09-05,200.00,EUR,CREDIT,Synthetic Counterparty 0097,AlpineBank Legacy Finance
TX-00098,ACC-014,2026-09-05,200.00,EUR,CREDIT,Synthetic Counterparty 0098,AlpineBank Legacy Finance
TX-00099,ACC-015,2026-09-05,200.00,EUR,CREDIT,Synthetic Counterparty 0099,AlpineBank Legacy Finance
TX-00100,ACC-016,2026-09-05,200.00,EUR,CREDIT,Synthetic Counterparty 0100,AlpineBank Legacy Finance
TX-00101,ACC-017,2026-09-05,200.00,EUR,CREDIT,Synthetic Counterparty 0101,AlpineBank Legacy Finance
TX-00102,ACC-001,2026-09-05,200.00,EUR,CREDIT,Synthetic Counterparty 0102,AlpineBank Legacy Finance
TX-00103,ACC-002,2026-09-05,200.00,EUR,CREDIT,Synthetic Counterparty 0103,AlpineBank Legacy Finance
TX-00104,ACC-003,2026-09-05,200.00,EUR,CREDIT,Synthetic Counterparty 0104,AlpineBank Legacy Finance
TX-00105,ACC-004,2026-09-05,200.00,EUR,CREDIT,Synthetic Counterparty 0105,AlpineBank Legacy Finance
TX-00106,ACC-005,2026-09-05,200.00,EUR,CREDIT,Synthetic Counterparty 0106,AlpineBank Legacy Finance
TX-00107,ACC-006,2026-09-05,200.00,EUR,CREDIT,Synthetic Counterparty 0107,AlpineBank Legacy Finance
TX-00108,ACC-007,2026-09-05,200.00,EUR,CREDIT,Synthetic Counterparty 0108,AlpineBank Legacy Finance
TX-00109,ACC-008,2026-09-05,200.00,EUR,CREDIT,Synthetic Counterparty 0109,AlpineBank Legacy Finance
TX-00110,ACC-009,2026-09-05,200.00,EUR,CREDIT,Synthetic Counterparty 0110,AlpineBank Legacy Finance
TX-00111,ACC-010,2026-09-05,200.00,EUR,CREDIT,Synthetic Counterparty 0111,AlpineBank Legacy Finance
TX-00112,ACC-011,2026-09-05,200.00,EUR,CREDIT,Synthetic Counterparty 0112,AlpineBank Legacy Finance
TX-00113,ACC-012,2026-09-05,200.00,EUR,CREDIT,Synthetic Counterparty 0113,AlpineBank Legacy Finance
TX-00114,ACC-013,2026-09-05,200.00,EUR,CREDIT,Synthetic Counterparty 0114,AlpineBank Legacy Finance
TX-00115,ACC-014,2026-09-05,200.00,EUR,CREDIT,Synthetic Counterparty 0115,AlpineBank Legacy Finance
TX-00116,ACC-015,2026-09-05,200.00,EUR,CREDIT,Synthetic Counterparty 0116,AlpineBank Legacy Finance
TX-00117,ACC-016,2026-09-05,200.00,EUR,CREDIT,Synthetic Counterparty 0117,AlpineBank Legacy Finance
TX-00118,ACC-017,2026-09-05,200.00,EUR,CREDIT,Synthetic Counterparty 0118,AlpineBank Legacy Finance
TX-00119,ACC-001,2026-09-05,200.00,EUR,CREDIT,Synthetic Counterparty 0119,AlpineBank Legacy Finance
TX-00120,ACC-002,2026-09-05,200.00,EUR,CREDIT,Synthetic Counterparty 0120,AlpineBank Legacy Finance
TX-00121,ACC-003,2026-09-05,200.00,EUR,CREDIT,Synthetic Counterparty 0121,AlpineBank Legacy Finance
TX-00122,ACC-004,2026-09-05,200.00,EUR,CREDIT,Synthetic Counterparty 0122,AlpineBank Legacy Finance
TX-00123,ACC-005,2026-09-05,200.00,EUR,CREDIT,Synthetic Counterparty 0123,AlpineBank Legacy Finance
TX-00124,ACC-006,2026-09-05,200.00,EUR,CREDIT,Synthetic Counterparty 0124,AlpineBank Legacy Finance
TX-00125,ACC-007,2026-09-05,200.00,EUR,CREDIT,Synthetic Counterparty 0125,AlpineBank Legacy Finance
TX-00126,ACC-008,2026-09-05,200.00,EUR,CREDIT,Synthetic Counterparty 0126,AlpineBank Legacy Finance
TX-00127,ACC-009,2026-09-05,200.00,EUR,CREDIT,Synthetic Counterparty 0127,AlpineBank Legacy Finance
TX-00128,ACC-010,2026-09-05,200.00,EUR,CREDIT,Synthetic Counterparty 0128,AlpineBank Legacy Finance
TX-00129,ACC-011,2026-09-05,200.00,EUR,CREDIT,Synthetic Counterparty 0129,AlpineBank Legacy Finance
TX-00130,ACC-012,2026-09-05,200.00,EUR,CREDIT,Synthetic Counterparty 0130,AlpineBank Legacy Finance
TX-00131,ACC-013,2026-09-05,200.00,EUR,CREDIT,Synthetic Counterparty 0131,AlpineBank Legacy Finance
TX-00132,ACC-014,2026-09-05,200.00,EUR,CREDIT,Synthetic Counterparty 0132,AlpineBank Legacy Finance
TX-00133,ACC-015,2026-09-05,200.00,EUR,CREDIT,Synthetic Counterparty 0133,AlpineBank Legacy Finance
TX-00134,ACC-016,2026-09-05,200.00,EUR,CREDIT,Synthetic Counterparty 0134,AlpineBank Legacy Finance
TX-00135,ACC-017,2026-09-05,200.00,EUR,CREDIT,Synthetic Counterparty 0135,AlpineBank Legacy Finance
TX-00136,ACC-001,2026-09-05,200.00,EUR,CREDIT,Synthetic Counterparty 0136,AlpineBank Legacy Finance
TX-00137,ACC-002,2026-09-05,200.00,EUR,CREDIT,Synthetic Counterparty 0137,AlpineBank Legacy Finance
TX-00138,ACC-003,2026-09-05,200.00,EUR,CREDIT,Synthetic Counterparty 0138,AlpineBank Legacy Finance
TX-00139,ACC-004,2026-09-05,200.00,EUR,CREDIT,Synthetic Counterparty 0139,AlpineBank Legacy Finance
TX-00140,ACC-005,2026-09-05,200.00,EUR,CREDIT,Synthetic Counterparty 0140,AlpineBank Legacy Finance
TX-00141,ACC-006,2026-09-05,200.00,EUR,CREDIT,Synthetic Counterparty 0141,AlpineBank Legacy Finance
TX-00142,ACC-007,2026-09-05,200.00,EUR,CREDIT,Synthetic Counterparty 0142,AlpineBank Legacy Finance
TX-00143,ACC-008,2026-09-05,200.00,EUR,CREDIT,Synthetic Counterparty 0143,AlpineBank Legacy Finance
TX-00144,ACC-009,2026-09-05,200.00,EUR,CREDIT,Synthetic Counterparty 0144,AlpineBank Legacy Finance
TX-00145,ACC-010,2026-09-05,200.00,EUR,CREDIT,Synthetic Counterparty 0145,AlpineBank Legacy Finance
TX-00146,ACC-011,2026-09-05,200.00,EUR,CREDIT,Synthetic Counterparty 0146,AlpineBank Legacy Finance
TX-00147,ACC-012,2026-09-05,200.00,EUR,CREDIT,Synthetic Counterparty 0147,AlpineBank Legacy Finance
TX-00148,ACC-013,2026-09-05,200.00,EUR,CREDIT,Synthetic Counterparty 0148,AlpineBank Legacy Finance
TX-00149,ACC-014,2026-09-05,200.00,EUR,CREDIT,Synthetic Counterparty 0149,AlpineBank Legacy Finance
TX-00150,ACC-015,2026-09-05,200.00,EUR,CREDIT,Synthetic Counterparty 0150,AlpineBank Legacy Finance
TX-00151,ACC-016,2026-09-05,200.00,EUR,CREDIT,Synthetic Counterparty 0151,AlpineBank Legacy Finance
TX-00152,ACC-017,2026-09-05,200.00,EUR,CREDIT,Synthetic Counterparty 0152,AlpineBank Legacy Finance
TX-00153,ACC-001,2026-09-05,200.00,EUR,CREDIT,Synthetic Counterparty 0153,AlpineBank Legacy Finance
TX-00154,ACC-002,2026-09-05,200.00,EUR,CREDIT,Synthetic Counterparty 0154,AlpineBank Legacy Finance
TX-00155,ACC-003,2026-09-05,200.00,EUR,CREDIT,Synthetic Counterparty 0155,AlpineBank Legacy Finance
TX-00156,ACC-004,2026-09-05,200.00,EUR,CREDIT,Synthetic Counterparty 0156,AlpineBank Legacy Finance
TX-00157,ACC-005,2026-09-05,200.00,EUR,CREDIT,Synthetic Counterparty 0157,AlpineBank Legacy Finance
TX-00158,ACC-006,2026-09-05,200.00,EUR,CREDIT,Synthetic Counterparty 0158,AlpineBank Legacy Finance
TX-00159,ACC-007,2026-09-05,200.00,EUR,CREDIT,Synthetic Counterparty 0159,AlpineBank Legacy Finance
TX-00160,ACC-008,2026-09-05,200.00,EUR,CREDIT,Synthetic Counterparty 0160,AlpineBank Legacy Finance
TX-00161,ACC-009,2026-09-05,200.00,EUR,CREDIT,Synthetic Counterparty 0161,AlpineBank Legacy Finance
TX-00162,ACC-010,2026-09-05,200.00,EUR,CREDIT,Synthetic Counterparty 0162,AlpineBank Legacy Finance
TX-00163,ACC-011,2026-09-05,200.00,EUR,CREDIT,Synthetic Counterparty 0163,AlpineBank Legacy Finance
TX-00164,ACC-012,2026-09-05,200.00,EUR,CREDIT,Synthetic Counterparty 0164,AlpineBank Legacy Finance
TX-00165,ACC-013,2026-09-05,200.00,EUR,CREDIT,Synthetic Counterparty 0165,AlpineBank Legacy Finance
TX-00166,ACC-014,2026-09-05,200.00,EUR,CREDIT,Synthetic Counterparty 0166,AlpineBank Legacy Finance
TX-00167,ACC-015,2026-09-05,200.00,EUR,CREDIT,Synthetic Counterparty 0167,AlpineBank Legacy Finance
TX-00168,ACC-016,2026-09-05,200.00,EUR,CREDIT,Synthetic Counterparty 0168,AlpineBank Legacy Finance
TX-00169,ACC-017,2026-09-05,200.00,EUR,CREDIT,Synthetic Counterparty 0169,AlpineBank Legacy Finance
TX-00170,ACC-001,2026-09-05,200.00,EUR,CREDIT,Synthetic Counterparty 0170,AlpineBank Legacy Finance
TX-00171,ACC-002,2026-09-05,200.00,EUR,CREDIT,Synthetic Counterparty 0171,AlpineBank Legacy Finance
TX-00172,ACC-003,2026-09-05,200.00,EUR,CREDIT,Synthetic Counterparty 0172,AlpineBank Legacy Finance
TX-00173,ACC-004,2026-09-05,200.00,EUR,CREDIT,Synthetic Counterparty 0173,AlpineBank Legacy Finance
TX-00174,ACC-005,2026-09-05,200.00,EUR,CREDIT,Synthetic Counterparty 0174,AlpineBank Legacy Finance
TX-00175,ACC-006,2026-09-05,200.00,EUR,CREDIT,Synthetic Counterparty 0175,AlpineBank Legacy Finance
TX-00176,ACC-007,2026-09-05,200.00,EUR,CREDIT,Synthetic Counterparty 0176,AlpineBank Legacy Finance
TX-00177,ACC-008,2026-09-05,200.00,EUR,CREDIT,Synthetic Counterparty 0177,AlpineBank Legacy Finance
TX-00178,ACC-009,2026-09-05,200.00,EUR,CREDIT,Synthetic Counterparty 0178,AlpineBank Legacy Finance
TX-00179,ACC-010,2026-09-05,200.00,EUR,CREDIT,Synthetic Counterparty 0179,AlpineBank Legacy Finance
TX-00180,ACC-011,2026-09-05,200.00,EUR,CREDIT,Synthetic Counterparty 0180,AlpineBank Legacy Finance
TX-00181,ACC-012,2026-09-05,200.00,EUR,CREDIT,Synthetic Counterparty 0181,AlpineBank Legacy Finance
TX-00182,ACC-013,2026-09-05,200.00,EUR,CREDIT,Synthetic Counterparty 0182,AlpineBank Legacy Finance
TX-00183,ACC-014,2026-09-05,200.00,EUR,CREDIT,Synthetic Counterparty 0183,AlpineBank Legacy Finance
TX-00184,ACC-015,2026-09-05,200.00,EUR,CREDIT,Synthetic Counterparty 0184,AlpineBank Legacy Finance
TX-00185,ACC-016,2026-09-05,200.00,EUR,CREDIT,Synthetic Counterparty 0185,AlpineBank Legacy Finance
TX-00186,ACC-017,2026-09-05,200.00,EUR,CREDIT,Synthetic Counterparty 0186,AlpineBank Legacy Finance
TX-00187,ACC-001,2026-09-05,200.00,EUR,CREDIT,Synthetic Counterparty 0187,AlpineBank Legacy Finance
TX-00188,ACC-002,2026-09-05,200.00,EUR,CREDIT,Synthetic Counterparty 0188,AlpineBank Legacy Finance
TX-00189,ACC-003,2026-09-05,200.00,EUR,CREDIT,Synthetic Counterparty 0189,AlpineBank Legacy Finance
TX-00190,ACC-004,2026-09-05,200.00,EUR,CREDIT,Synthetic Counterparty 0190,AlpineBank Legacy Finance
TX-00191,ACC-005,2026-09-05,200.00,EUR,CREDIT,Synthetic Counterparty 0191,AlpineBank Legacy Finance
TX-00192,ACC-006,2026-09-05,200.00,EUR,CREDIT,Synthetic Counterparty 0192,AlpineBank Legacy Finance
TX-00193,ACC-007,2026-09-05,200.00,EUR,CREDIT,Synthetic Counterparty 0193,AlpineBank Legacy Finance
TX-00194,ACC-008,2026-09-05,200.00,EUR,CREDIT,Synthetic Counterparty 0194,AlpineBank Legacy Finance
TX-00195,ACC-009,2026-09-05,200.00,EUR,CREDIT,Synthetic Counterparty 0195,AlpineBank Legacy Finance
TX-00196,ACC-010,2026-09-05,200.00,EUR,CREDIT,Synthetic Counterparty 0196,AlpineBank Legacy Finance
TX-00197,ACC-011,2026-09-05,200.00,EUR,CREDIT,Synthetic Counterparty 0197,AlpineBank Legacy Finance
TX-00198,ACC-012,2026-09-05,200.00,EUR,CREDIT,Synthetic Counterparty 0198,AlpineBank Legacy Finance
TX-00199,ACC-013,2026-09-05,200.00,EUR,CREDIT,Synthetic Counterparty 0199,AlpineBank Legacy Finance
TX-00200,ACC-014,2026-09-05,200.00,EUR,CREDIT,Synthetic Counterparty 0200,AlpineBank Legacy Finance
TX-00201,ACC-015,2026-09-05,200.00,EUR,CREDIT,Synthetic Counterparty 0201,AlpineBank Legacy Finance
TX-00202,ACC-016,2026-09-05,200.00,EUR,CREDIT,Synthetic Counterparty 0202,AlpineBank Legacy Finance
TX-00203,ACC-017,2026-09-05,200.00,EUR,CREDIT,Synthetic Counterparty 0203,AlpineBank Legacy Finance
TX-00204,ACC-001,2026-09-05,200.00,EUR,CREDIT,Synthetic Counterparty 0204,AlpineBank Legacy Finance
TX-00205,ACC-002,2026-09-05,200.00,EUR,CREDIT,Synthetic Counterparty 0205,AlpineBank Legacy Finance
TX-00206,ACC-003,2026-09-05,200.00,EUR,CREDIT,Synthetic Counterparty 0206,AlpineBank Legacy Finance
TX-00207,ACC-004,2026-09-05,200.00,EUR,CREDIT,Synthetic Counterparty 0207,AlpineBank Legacy Finance
TX-00208,ACC-005,2026-09-05,200.00,EUR,CREDIT,Synthetic Counterparty 0208,AlpineBank Legacy Finance
TX-00209,ACC-006,2026-09-05,200.00,EUR,CREDIT,Synthetic Counterparty 0209,AlpineBank Legacy Finance
TX-00210,ACC-007,2026-09-05,200.00,EUR,CREDIT,Synthetic Counterparty 0210,AlpineBank Legacy Finance
TX-00211,ACC-008,2026-09-05,200.00,EUR,CREDIT,Synthetic Counterparty 0211,AlpineBank Legacy Finance
TX-00212,ACC-009,2026-09-05,200.00,EUR,CREDIT,Synthetic Counterparty 0212,AlpineBank Legacy Finance
TX-00213,ACC-010,2026-09-05,200.00,EUR,CREDIT,Synthetic Counterparty 0213,AlpineBank Legacy Finance
TX-00214,ACC-011,2026-09-05,200.00,EUR,CREDIT,Synthetic Counterparty 0214,AlpineBank Legacy Finance
TX-00215,ACC-012,2026-09-05,200.00,EUR,CREDIT,Synthetic Counterparty 0215,AlpineBank Legacy Finance
TX-00216,ACC-013,2026-09-05,200.00,EUR,CREDIT,Synthetic Counterparty 0216,AlpineBank Legacy Finance
TX-00217,ACC-014,2026-09-05,200.00,EUR,CREDIT,Synthetic Counterparty 0217,AlpineBank Legacy Finance
TX-00218,ACC-015,2026-09-05,200.00,EUR,CREDIT,Synthetic Counterparty 0218,AlpineBank Legacy Finance
TX-00219,ACC-016,2026-09-05,200.00,EUR,CREDIT,Synthetic Counterparty 0219,AlpineBank Legacy Finance
TX-00220,ACC-017,2026-09-05,200.00,EUR,CREDIT,Synthetic Counterparty 0220,AlpineBank Legacy Finance
TX-00221,ACC-001,2026-09-05,200.00,EUR,CREDIT,Synthetic Counterparty 0221,AlpineBank Legacy Finance
TX-00222,ACC-002,2026-09-05,200.00,EUR,CREDIT,Synthetic Counterparty 0222,AlpineBank Legacy Finance
TX-00223,ACC-003,2026-09-05,200.00,EUR,CREDIT,Synthetic Counterparty 0223,AlpineBank Legacy Finance
TX-00224,ACC-004,2026-09-05,200.00,EUR,CREDIT,Synthetic Counterparty 0224,AlpineBank Legacy Finance
TX-00225,ACC-005,2026-09-05,200.00,EUR,CREDIT,Synthetic Counterparty 0225,AlpineBank Legacy Finance
TX-00226,ACC-006,2026-09-05,200.00,EUR,CREDIT,Synthetic Counterparty 0226,AlpineBank Legacy Finance
TX-00227,ACC-007,2026-09-05,200.00,EUR,CREDIT,Synthetic Counterparty 0227,AlpineBank Legacy Finance
TX-00228,ACC-008,2026-09-05,200.00,EUR,CREDIT,Synthetic Counterparty 0228,AlpineBank Legacy Finance
TX-00229,ACC-009,2026-09-05,200.00,EUR,CREDIT,Synthetic Counterparty 0229,AlpineBank Legacy Finance
TX-00230,ACC-010,2026-09-05,200.00,EUR,CREDIT,Synthetic Counterparty 0230,AlpineBank Legacy Finance
TX-00231,ACC-011,2026-09-05,200.00,EUR,CREDIT,Synthetic Counterparty 0231,AlpineBank Legacy Finance
TX-00232,ACC-012,2026-09-05,200.00,EUR,CREDIT,Synthetic Counterparty 0232,AlpineBank Legacy Finance
TX-00233,ACC-013,2026-09-05,200.00,EUR,CREDIT,Synthetic Counterparty 0233,AlpineBank Legacy Finance
TX-00234,ACC-014,2026-09-05,200.00,EUR,CREDIT,Synthetic Counterparty 0234,AlpineBank Legacy Finance
TX-00235,ACC-015,2026-09-05,200.00,EUR,CREDIT,Synthetic Counterparty 0235,AlpineBank Legacy Finance
TX-00236,ACC-016,2026-09-05,200.00,EUR,CREDIT,Synthetic Counterparty 0236,AlpineBank Legacy Finance
TX-00237,ACC-017,2026-09-05,200.00,EUR,CREDIT,Synthetic Counterparty 0237,AlpineBank Legacy Finance
TX-00238,ACC-001,2026-09-05,200.00,EUR,CREDIT,Synthetic Counterparty 0238,AlpineBank Legacy Finance
TX-00239,ACC-002,2026-09-05,200.00,EUR,CREDIT,Synthetic Counterparty 0239,AlpineBank Legacy Finance
TX-00240,ACC-003,2026-09-05,200.00,EUR,CREDIT,Synthetic Counterparty 0240,AlpineBank Legacy Finance
TX-00241,ACC-004,2026-09-05,200.00,EUR,CREDIT,Synthetic Counterparty 0241,AlpineBank Legacy Finance
TX-00242,ACC-005,2026-09-05,200.00,EUR,CREDIT,Synthetic Counterparty 0242,AlpineBank Legacy Finance
TX-00243,ACC-006,2026-09-05,200.00,EUR,CREDIT,Synthetic Counterparty 0243,AlpineBank Legacy Finance
TX-00244,ACC-007,2026-09-05,200.00,EUR,CREDIT,Synthetic Counterparty 0244,AlpineBank Legacy Finance
TX-00245,ACC-008,2026-09-05,200.00,EUR,CREDIT,Synthetic Counterparty 0245,AlpineBank Legacy Finance
TX-00246,ACC-009,2026-09-05,200.00,EUR,CREDIT,Synthetic Counterparty 0246,AlpineBank Legacy Finance
TX-00247,ACC-010,2026-09-05,200.00,EUR,CREDIT,Synthetic Counterparty 0247,AlpineBank Legacy Finance
TX-00248,ACC-011,2026-09-05,200.00,EUR,CREDIT,Synthetic Counterparty 0248,AlpineBank Legacy Finance
TX-00249,ACC-012,2026-09-05,200.00,EUR,CREDIT,Synthetic Counterparty 0249,AlpineBank Legacy Finance
TX-00250,ACC-013,2026-09-05,200.00,EUR,CREDIT,Synthetic Counterparty 0250,AlpineBank Legacy Finance
TX-00251,ACC-014,2026-09-05,200.00,EUR,CREDIT,Synthetic Counterparty 0251,AlpineBank Legacy Finance
TX-00252,ACC-015,2026-09-05,200.00,EUR,CREDIT,Synthetic Counterparty 0252,AlpineBank Legacy Finance
TX-00253,ACC-016,2026-09-05,200.00,EUR,CREDIT,Synthetic Counterparty 0253,AlpineBank Legacy Finance
TX-00254,ACC-017,2026-09-05,200.00,EUR,CREDIT,Synthetic Counterparty 0254,AlpineBank Legacy Finance
TX-00255,ACC-001,2026-09-05,200.00,EUR,CREDIT,Synthetic Counterparty 0255,AlpineBank Legacy Finance
TX-00256,ACC-002,2026-09-05,200.00,EUR,CREDIT,Synthetic Counterparty 0256,AlpineBank Legacy Finance
TX-00257,ACC-003,2026-09-05,200.00,EUR,CREDIT,Synthetic Counterparty 0257,AlpineBank Legacy Finance
TX-00258,ACC-004,2026-09-05,200.00,EUR,CREDIT,Synthetic Counterparty 0258,AlpineBank Legacy Finance
TX-00259,ACC-005,2026-09-05,200.00,EUR,CREDIT,Synthetic Counterparty 0259,AlpineBank Legacy Finance
TX-00260,ACC-006,2026-09-05,200.00,EUR,CREDIT,Synthetic Counterparty 0260,AlpineBank Legacy Finance
TX-00261,ACC-007,2026-09-05,200.00,EUR,CREDIT,Synthetic Counterparty 0261,AlpineBank Legacy Finance
TX-00262,ACC-008,2026-09-05,200.00,EUR,CREDIT,Synthetic Counterparty 0262,AlpineBank Legacy Finance
TX-00263,ACC-009,2026-09-05,200.00,EUR,CREDIT,Synthetic Counterparty 0263,AlpineBank Legacy Finance
TX-00264,ACC-010,2026-09-05,200.00,EUR,CREDIT,Synthetic Counterparty 0264,AlpineBank Legacy Finance
TX-00265,ACC-011,2026-09-05,200.00,EUR,CREDIT,Synthetic Counterparty 0265,AlpineBank Legacy Finance
TX-00266,ACC-012,2026-09-05,200.00,EUR,CREDIT,Synthetic Counterparty 0266,AlpineBank Legacy Finance
TX-00267,ACC-013,2026-09-05,200.00,EUR,CREDIT,Synthetic Counterparty 0267,AlpineBank Legacy Finance
TX-00268,ACC-014,2026-09-05,200.00,EUR,CREDIT,Synthetic Counterparty 0268,AlpineBank Legacy Finance
TX-00269,ACC-015,2026-09-05,200.00,EUR,CREDIT,Synthetic Counterparty 0269,AlpineBank Legacy Finance
TX-00270,ACC-016,2026-09-05,200.00,EUR,CREDIT,Synthetic Counterparty 0270,AlpineBank Legacy Finance
TX-00271,ACC-017,2026-09-05,200.00,EUR,CREDIT,Synthetic Counterparty 0271,AlpineBank Legacy Finance
TX-00272,ACC-001,2026-09-05,200.00,EUR,CREDIT,Synthetic Counterparty 0272,AlpineBank Legacy Finance
TX-00273,ACC-002,2026-09-05,200.00,EUR,CREDIT,Synthetic Counterparty 0273,AlpineBank Legacy Finance
TX-00274,ACC-003,2026-09-05,200.00,EUR,CREDIT,Synthetic Counterparty 0274,AlpineBank Legacy Finance
TX-00275,ACC-004,2026-09-05,200.00,EUR,CREDIT,Synthetic Counterparty 0275,AlpineBank Legacy Finance
TX-00276,ACC-005,2026-09-05,200.00,EUR,CREDIT,Synthetic Counterparty 0276,AlpineBank Legacy Finance
TX-00277,ACC-006,2026-09-05,200.00,EUR,CREDIT,Synthetic Counterparty 0277,AlpineBank Legacy Finance
TX-00278,ACC-007,2026-09-05,200.00,EUR,CREDIT,Synthetic Counterparty 0278,AlpineBank Legacy Finance
TX-00279,ACC-008,2026-09-05,200.00,EUR,CREDIT,Synthetic Counterparty 0279,AlpineBank Legacy Finance
TX-00280,ACC-009,2026-09-05,200.00,EUR,CREDIT,Synthetic Counterparty 0280,AlpineBank Legacy Finance
TX-00281,ACC-010,2026-09-05,200.00,EUR,CREDIT,Synthetic Counterparty 0281,AlpineBank Legacy Finance
TX-00282,ACC-011,2026-09-05,200.00,EUR,CREDIT,Synthetic Counterparty 0282,AlpineBank Legacy Finance
TX-00283,ACC-012,2026-09-05,200.00,EUR,CREDIT,Synthetic Counterparty 0283,AlpineBank Legacy Finance
TX-00284,ACC-013,2026-09-05,200.00,EUR,CREDIT,Synthetic Counterparty 0284,AlpineBank Legacy Finance
TX-00285,ACC-014,2026-09-05,200.00,EUR,CREDIT,Synthetic Counterparty 0285,AlpineBank Legacy Finance
TX-00286,ACC-015,2026-09-05,200.00,EUR,CREDIT,Synthetic Counterparty 0286,AlpineBank Legacy Finance
TX-00287,ACC-016,2026-09-05,200.00,EUR,CREDIT,Synthetic Counterparty 0287,AlpineBank Legacy Finance
TX-00288,ACC-017,2026-09-05,200.00,EUR,CREDIT,Synthetic Counterparty 0288,AlpineBank Legacy Finance
TX-00289,ACC-001,2026-09-05,200.00,EUR,CREDIT,Synthetic Counterparty 0289,AlpineBank Legacy Finance
TX-00290,ACC-002,2026-09-05,200.00,EUR,CREDIT,Synthetic Counterparty 0290,AlpineBank Legacy Finance
TX-00291,ACC-003,2026-09-05,200.00,EUR,CREDIT,Synthetic Counterparty 0291,AlpineBank Legacy Finance
TX-00292,ACC-004,2026-09-05,200.00,EUR,CREDIT,Synthetic Counterparty 0292,AlpineBank Legacy Finance
TX-00293,ACC-005,2026-09-05,200.00,EUR,CREDIT,Synthetic Counterparty 0293,AlpineBank Legacy Finance
TX-00294,ACC-006,2026-09-05,200.00,EUR,CREDIT,Synthetic Counterparty 0294,AlpineBank Legacy Finance
TX-00295,ACC-007,2026-09-05,200.00,EUR,CREDIT,Synthetic Counterparty 0295,AlpineBank Legacy Finance
TX-00296,ACC-008,2026-09-05,200.00,EUR,CREDIT,Synthetic Counterparty 0296,AlpineBank Legacy Finance
TX-00297,ACC-009,2026-09-05,200.00,EUR,CREDIT,Synthetic Counterparty 0297,AlpineBank Legacy Finance
TX-00298,ACC-010,2026-09-05,200.00,EUR,CREDIT,Synthetic Counterparty 0298,AlpineBank Legacy Finance
TX-00299,ACC-011,2026-09-05,200.00,EUR,CREDIT,Synthetic Counterparty 0299,AlpineBank Legacy Finance
TX-00300,ACC-012,2026-09-05,200.00,EUR,CREDIT,Synthetic Counterparty 0300,AlpineBank Legacy Finance
TX-00301,ACC-013,2026-09-05,200.00,EUR,CREDIT,Synthetic Counterparty 0301,AlpineBank Legacy Finance
TX-00302,ACC-014,2026-09-05,200.00,EUR,CREDIT,Synthetic Counterparty 0302,AlpineBank Legacy Finance
TX-00303,ACC-015,2026-09-05,200.00,EUR,CREDIT,Synthetic Counterparty 0303,AlpineBank Legacy Finance
TX-00304,ACC-016,2026-09-05,200.00,EUR,CREDIT,Synthetic Counterparty 0304,AlpineBank Legacy Finance
TX-00305,ACC-017,2026-09-05,200.00,EUR,CREDIT,Synthetic Counterparty 0305,AlpineBank Legacy Finance
TX-00306,ACC-001,2026-09-05,200.00,EUR,CREDIT,Synthetic Counterparty 0306,AlpineBank Legacy Finance
TX-00307,ACC-002,2026-09-05,200.00,EUR,CREDIT,Synthetic Counterparty 0307,AlpineBank Legacy Finance
TX-00308,ACC-003,2026-09-05,200.00,EUR,CREDIT,Synthetic Counterparty 0308,AlpineBank Legacy Finance
TX-00309,ACC-004,2026-09-05,200.00,EUR,CREDIT,Synthetic Counterparty 0309,AlpineBank Legacy Finance
TX-00310,ACC-005,2026-09-05,200.00,EUR,CREDIT,Synthetic Counterparty 0310,AlpineBank Legacy Finance
TX-00311,ACC-006,2026-09-05,200.00,EUR,CREDIT,Synthetic Counterparty 0311,AlpineBank Legacy Finance
TX-00312,ACC-007,2026-09-05,200.00,EUR,CREDIT,Synthetic Counterparty 0312,AlpineBank Legacy Finance
TX-00313,ACC-008,2026-09-05,200.00,EUR,CREDIT,Synthetic Counterparty 0313,AlpineBank Legacy Finance
TX-00314,ACC-009,2026-09-05,200.00,EUR,CREDIT,Synthetic Counterparty 0314,AlpineBank Legacy Finance
TX-00315,ACC-010,2026-09-05,200.00,EUR,CREDIT,Synthetic Counterparty 0315,AlpineBank Legacy Finance
TX-00316,ACC-011,2026-09-05,200.00,EUR,CREDIT,Synthetic Counterparty 0316,AlpineBank Legacy Finance
TX-00317,ACC-012,2026-09-05,200.00,EUR,CREDIT,Synthetic Counterparty 0317,AlpineBank Legacy Finance
TX-00318,ACC-013,2026-09-05,200.00,EUR,CREDIT,Synthetic Counterparty 0318,AlpineBank Legacy Finance
TX-00319,ACC-014,2026-09-05,200.00,EUR,CREDIT,Synthetic Counterparty 0319,AlpineBank Legacy Finance
TX-00320,ACC-015,2026-09-05,200.00,EUR,CREDIT,Synthetic Counterparty 0320,AlpineBank Legacy Finance
TX-00321,ACC-016,2026-09-05,200.00,EUR,CREDIT,Synthetic Counterparty 0321,AlpineBank Legacy Finance
TX-00322,ACC-017,2026-09-05,200.00,EUR,CREDIT,Synthetic Counterparty 0322,AlpineBank Legacy Finance
TX-00323,ACC-001,2026-09-05,200.00,EUR,CREDIT,Synthetic Counterparty 0323,AlpineBank Legacy Finance
TX-00324,ACC-002,2026-09-05,200.00,EUR,CREDIT,Synthetic Counterparty 0324,AlpineBank Legacy Finance
TX-00325,ACC-003,2026-09-05,200.00,EUR,CREDIT,Synthetic Counterparty 0325,AlpineBank Legacy Finance
TX-00326,ACC-004,2026-09-05,200.00,EUR,CREDIT,Synthetic Counterparty 0326,AlpineBank Legacy Finance
TX-00327,ACC-005,2026-09-05,200.00,EUR,CREDIT,Synthetic Counterparty 0327,AlpineBank Legacy Finance
TX-00328,ACC-006,2026-09-05,200.00,EUR,CREDIT,Synthetic Counterparty 0328,AlpineBank Legacy Finance
TX-00329,ACC-007,2026-09-05,200.00,EUR,CREDIT,Synthetic Counterparty 0329,AlpineBank Legacy Finance
TX-00330,ACC-008,2026-09-05,200.00,EUR,CREDIT,Synthetic Counterparty 0330,AlpineBank Legacy Finance
TX-00331,ACC-009,2026-09-05,200.00,EUR,CREDIT,Synthetic Counterparty 0331,AlpineBank Legacy Finance
TX-00332,ACC-010,2026-09-05,200.00,EUR,CREDIT,Synthetic Counterparty 0332,AlpineBank Legacy Finance
TX-00333,ACC-011,2026-09-05,200.00,EUR,CREDIT,Synthetic Counterparty 0333,AlpineBank Legacy Finance
TX-00334,ACC-012,2026-09-05,200.00,EUR,CREDIT,Synthetic Counterparty 0334,AlpineBank Legacy Finance
TX-00335,ACC-013,2026-09-05,200.00,EUR,CREDIT,Synthetic Counterparty 0335,AlpineBank Legacy Finance
TX-00336,ACC-014,2026-09-05,200.00,EUR,CREDIT,Synthetic Counterparty 0336,AlpineBank Legacy Finance
TX-00337,ACC-015,2026-09-05,200.00,EUR,CREDIT,Synthetic Counterparty 0337,AlpineBank Legacy Finance
TX-00338,ACC-016,2026-09-05,200.00,EUR,CREDIT,Synthetic Counterparty 0338,AlpineBank Legacy Finance
TX-00339,ACC-017,2026-09-05,200.00,EUR,CREDIT,Synthetic Counterparty 0339,AlpineBank Legacy Finance
TX-00340,ACC-001,2026-09-05,200.00,EUR,CREDIT,Synthetic Counterparty 0340,AlpineBank Legacy Finance
TX-00341,ACC-002,2026-09-05,200.00,EUR,CREDIT,Synthetic Counterparty 0341,AlpineBank Legacy Finance
TX-00342,ACC-003,2026-09-05,200.00,EUR,CREDIT,Synthetic Counterparty 0342,AlpineBank Legacy Finance
TX-00343,ACC-004,2026-09-05,200.00,EUR,CREDIT,Synthetic Counterparty 0343,AlpineBank Legacy Finance
TX-00344,ACC-005,2026-09-05,200.00,EUR,CREDIT,Synthetic Counterparty 0344,AlpineBank Legacy Finance
TX-00345,ACC-006,2026-09-05,200.00,EUR,CREDIT,Synthetic Counterparty 0345,AlpineBank Legacy Finance
TX-00346,ACC-007,2026-09-05,200.00,EUR,CREDIT,Synthetic Counterparty 0346,AlpineBank Legacy Finance
TX-00347,ACC-008,2026-09-05,200.00,EUR,CREDIT,Synthetic Counterparty 0347,AlpineBank Legacy Finance
TX-00348,ACC-009,2026-09-05,200.00,EUR,CREDIT,Synthetic Counterparty 0348,AlpineBank Legacy Finance
TX-00349,ACC-010,2026-09-05,200.00,EUR,CREDIT,Synthetic Counterparty 0349,AlpineBank Legacy Finance
TX-00350,ACC-011,2026-09-05,200.00,EUR,CREDIT,Synthetic Counterparty 0350,AlpineBank Legacy Finance
TX-00351,ACC-012,2026-09-05,200.00,EUR,CREDIT,Synthetic Counterparty 0351,AlpineBank Legacy Finance
TX-00352,ACC-013,2026-09-05,200.00,EUR,CREDIT,Synthetic Counterparty 0352,AlpineBank Legacy Finance
TX-00353,ACC-014,2026-09-05,200.00,EUR,CREDIT,Synthetic Counterparty 0353,AlpineBank Legacy Finance
TX-00354,ACC-015,2026-09-05,200.00,EUR,CREDIT,Synthetic Counterparty 0354,AlpineBank Legacy Finance
TX-00355,ACC-016,2026-09-05,200.00,EUR,CREDIT,Synthetic Counterparty 0355,AlpineBank Legacy Finance
TX-00356,ACC-017,2026-09-05,200.00,EUR,CREDIT,Synthetic Counterparty 0356,AlpineBank Legacy Finance
TX-00357,ACC-001,2026-09-05,200.00,EUR,CREDIT,Synthetic Counterparty 0357,AlpineBank Legacy Finance
TX-00358,ACC-002,2026-09-05,200.00,EUR,CREDIT,Synthetic Counterparty 0358,AlpineBank Legacy Finance
TX-00359,ACC-003,2026-09-05,200.00,EUR,CREDIT,Synthetic Counterparty 0359,AlpineBank Legacy Finance
TX-00360,ACC-004,2026-09-05,200.00,EUR,CREDIT,Synthetic Counterparty 0360,AlpineBank Legacy Finance
TX-00361,ACC-005,2026-09-05,200.00,EUR,CREDIT,Synthetic Counterparty 0361,AlpineBank Legacy Finance
TX-00362,ACC-006,2026-09-05,200.00,EUR,CREDIT,Synthetic Counterparty 0362,AlpineBank Legacy Finance
TX-00363,ACC-007,2026-09-05,200.00,EUR,CREDIT,Synthetic Counterparty 0363,AlpineBank Legacy Finance
TX-00364,ACC-008,2026-09-05,200.00,EUR,CREDIT,Synthetic Counterparty 0364,AlpineBank Legacy Finance
TX-00365,ACC-009,2026-09-05,200.00,EUR,CREDIT,Synthetic Counterparty 0365,AlpineBank Legacy Finance
TX-00366,ACC-010,2026-09-05,200.00,EUR,CREDIT,Synthetic Counterparty 0366,AlpineBank Legacy Finance
TX-00367,ACC-011,2026-09-05,200.00,EUR,CREDIT,Synthetic Counterparty 0367,AlpineBank Legacy Finance
TX-00368,ACC-012,2026-09-05,200.00,EUR,CREDIT,Synthetic Counterparty 0368,AlpineBank Legacy Finance
TX-00369,ACC-013,2026-09-05,200.00,EUR,CREDIT,Synthetic Counterparty 0369,AlpineBank Legacy Finance
TX-00370,ACC-014,2026-09-05,200.00,EUR,CREDIT,Synthetic Counterparty 0370,AlpineBank Legacy Finance
TX-00371,ACC-015,2026-09-05,200.00,EUR,CREDIT,Synthetic Counterparty 0371,AlpineBank Legacy Finance
TX-00372,ACC-016,2026-09-05,200.00,EUR,CREDIT,Synthetic Counterparty 0372,AlpineBank Legacy Finance
TX-00373,ACC-017,2026-09-05,200.00,EUR,CREDIT,Synthetic Counterparty 0373,AlpineBank Legacy Finance
TX-00374,ACC-001,2026-09-05,200.00,EUR,CREDIT,Synthetic Counterparty 0374,AlpineBank Legacy Finance
TX-00375,ACC-002,2026-09-05,200.00,EUR,CREDIT,Synthetic Counterparty 0375,AlpineBank Legacy Finance
TX-00376,ACC-003,2026-09-05,200.00,EUR,CREDIT,Synthetic Counterparty 0376,AlpineBank Legacy Finance
TX-00377,ACC-004,2026-09-05,200.00,EUR,CREDIT,Synthetic Counterparty 0377,AlpineBank Legacy Finance
TX-00378,ACC-005,2026-09-05,200.00,EUR,CREDIT,Synthetic Counterparty 0378,AlpineBank Legacy Finance
TX-00379,ACC-006,2026-09-05,200.00,EUR,CREDIT,Synthetic Counterparty 0379,AlpineBank Legacy Finance
TX-00380,ACC-007,2026-09-05,200.00,EUR,CREDIT,Synthetic Counterparty 0380,AlpineBank Legacy Finance
TX-00381,ACC-008,2026-09-05,200.00,EUR,CREDIT,Synthetic Counterparty 0381,AlpineBank Legacy Finance
TX-00382,ACC-009,2026-09-05,200.00,EUR,CREDIT,Synthetic Counterparty 0382,AlpineBank Legacy Finance
TX-00383,ACC-010,2026-09-05,200.00,EUR,CREDIT,Synthetic Counterparty 0383,AlpineBank Legacy Finance
TX-00384,ACC-011,2026-09-05,200.00,EUR,CREDIT,Synthetic Counterparty 0384,AlpineBank Legacy Finance
TX-00385,ACC-012,2026-09-05,200.00,EUR,CREDIT,Synthetic Counterparty 0385,AlpineBank Legacy Finance
TX-00386,ACC-013,2026-09-05,200.00,EUR,CREDIT,Synthetic Counterparty 0386,AlpineBank Legacy Finance
TX-00387,ACC-014,2026-09-05,200.00,EUR,CREDIT,Synthetic Counterparty 0387,AlpineBank Legacy Finance
TX-00388,ACC-015,2026-09-05,200.00,EUR,CREDIT,Synthetic Counterparty 0388,AlpineBank Legacy Finance
TX-00389,ACC-016,2026-09-05,200.00,EUR,CREDIT,Synthetic Counterparty 0389,AlpineBank Legacy Finance
TX-00390,ACC-017,2026-09-05,200.00,EUR,CREDIT,Synthetic Counterparty 0390,AlpineBank Legacy Finance
TX-00391,ACC-001,2026-09-05,200.00,EUR,CREDIT,Synthetic Counterparty 0391,AlpineBank Legacy Finance
TX-00392,ACC-002,2026-09-05,200.00,EUR,CREDIT,Synthetic Counterparty 0392,AlpineBank Legacy Finance
TX-00393,ACC-003,2026-09-05,200.00,EUR,CREDIT,Synthetic Counterparty 0393,AlpineBank Legacy Finance
TX-00394,ACC-004,2026-09-05,200.00,EUR,CREDIT,Synthetic Counterparty 0394,AlpineBank Legacy Finance
TX-00395,ACC-005,2026-09-05,200.00,EUR,CREDIT,Synthetic Counterparty 0395,AlpineBank Legacy Finance
TX-00396,ACC-006,2026-09-05,200.00,EUR,CREDIT,Synthetic Counterparty 0396,AlpineBank Legacy Finance
TX-00397,ACC-007,2026-09-05,200.00,EUR,CREDIT,Synthetic Counterparty 0397,AlpineBank Legacy Finance
TX-00398,ACC-008,2026-09-05,200.00,EUR,CREDIT,Synthetic Counterparty 0398,AlpineBank Legacy Finance
TX-00399,ACC-009,2026-09-05,200.00,EUR,CREDIT,Synthetic Counterparty 0399,AlpineBank Legacy Finance
TX-00400,ACC-010,2026-09-05,200.00,EUR,CREDIT,Synthetic Counterparty 0400,AlpineBank Legacy Finance
TX-00401,ACC-011,2026-09-05,200.00,EUR,CREDIT,Synthetic Counterparty 0401,AlpineBank Legacy Finance
TX-00402,ACC-012,2026-09-05,200.00,EUR,CREDIT,Synthetic Counterparty 0402,AlpineBank Legacy Finance
TX-00403,ACC-013,2026-09-05,200.00,EUR,CREDIT,Synthetic Counterparty 0403,AlpineBank Legacy Finance
TX-00404,ACC-014,2026-09-05,200.00,EUR,CREDIT,Synthetic Counterparty 0404,AlpineBank Legacy Finance
TX-00405,ACC-015,2026-09-05,200.00,EUR,CREDIT,Synthetic Counterparty 0405,AlpineBank Legacy Finance
TX-00406,ACC-016,2026-09-05,200.00,EUR,CREDIT,Synthetic Counterparty 0406,AlpineBank Legacy Finance
TX-00407,ACC-017,2026-09-05,200.00,EUR,CREDIT,Synthetic Counterparty 0407,AlpineBank Legacy Finance
TX-00408,ACC-001,2026-09-05,200.00,EUR,CREDIT,Synthetic Counterparty 0408,AlpineBank Legacy Finance
TX-00409,ACC-002,2026-09-05,200.00,EUR,CREDIT,Synthetic Counterparty 0409,AlpineBank Legacy Finance
TX-00410,ACC-003,2026-09-05,200.00,EUR,CREDIT,Synthetic Counterparty 0410,AlpineBank Legacy Finance
TX-00411,ACC-004,2026-09-05,200.00,EUR,CREDIT,Synthetic Counterparty 0411,AlpineBank Legacy Finance
TX-00412,ACC-005,2026-09-05,200.00,EUR,CREDIT,Synthetic Counterparty 0412,AlpineBank Legacy Finance
TX-00413,ACC-006,2026-09-05,200.00,EUR,CREDIT,Synthetic Counterparty 0413,AlpineBank Legacy Finance
TX-00414,ACC-007,2026-09-05,200.00,EUR,CREDIT,Synthetic Counterparty 0414,AlpineBank Legacy Finance
TX-00415,ACC-008,2026-09-05,200.00,EUR,CREDIT,Synthetic Counterparty 0415,AlpineBank Legacy Finance
TX-00416,ACC-009,2026-09-05,200.00,EUR,CREDIT,Synthetic Counterparty 0416,AlpineBank Legacy Finance
TX-00417,ACC-010,2026-09-05,200.00,EUR,CREDIT,Synthetic Counterparty 0417,AlpineBank Legacy Finance
TX-00418,ACC-011,2026-09-05,200.00,EUR,CREDIT,Synthetic Counterparty 0418,AlpineBank Legacy Finance
TX-00419,ACC-012,2026-09-05,200.00,EUR,CREDIT,Synthetic Counterparty 0419,AlpineBank Legacy Finance
TX-00420,ACC-013,2026-09-05,200.00,EUR,CREDIT,Synthetic Counterparty 0420,AlpineBank Legacy Finance
TX-00421,ACC-014,2026-09-05,200.00,EUR,CREDIT,Synthetic Counterparty 0421,AlpineBank Legacy Finance
TX-00422,ACC-015,2026-09-05,200.00,EUR,CREDIT,Synthetic Counterparty 0422,AlpineBank Legacy Finance
TX-00423,ACC-016,2026-09-05,200.00,EUR,CREDIT,Synthetic Counterparty 0423,AlpineBank Legacy Finance
TX-00424,ACC-017,2026-09-05,200.00,EUR,CREDIT,Synthetic Counterparty 0424,AlpineBank Legacy Finance
TX-00425,ACC-001,2026-09-05,200.00,EUR,CREDIT,Synthetic Counterparty 0425,AlpineBank Legacy Finance
TX-00426,ACC-002,2026-09-05,200.00,EUR,CREDIT,Synthetic Counterparty 0426,AlpineBank Legacy Finance
TX-00427,ACC-003,2026-09-05,200.00,EUR,CREDIT,Synthetic Counterparty 0427,AlpineBank Legacy Finance
TX-00428,ACC-004,2026-09-05,200.00,EUR,CREDIT,Synthetic Counterparty 0428,AlpineBank Legacy Finance
TX-00429,ACC-005,2026-09-05,200.00,EUR,CREDIT,Synthetic Counterparty 0429,AlpineBank Legacy Finance
TX-00430,ACC-006,2026-09-05,200.00,EUR,CREDIT,Synthetic Counterparty 0430,AlpineBank Legacy Finance
TX-00431,ACC-007,2026-09-05,200.00,EUR,CREDIT,Synthetic Counterparty 0431,AlpineBank Legacy Finance
TX-00432,ACC-008,2026-09-05,200.00,EUR,CREDIT,Synthetic Counterparty 0432,AlpineBank Legacy Finance
TX-00433,ACC-009,2026-09-05,200.00,EUR,CREDIT,Synthetic Counterparty 0433,AlpineBank Legacy Finance
TX-00434,ACC-010,2026-09-05,200.00,EUR,CREDIT,Synthetic Counterparty 0434,AlpineBank Legacy Finance
TX-00435,ACC-011,2026-09-05,200.00,EUR,CREDIT,Synthetic Counterparty 0435,AlpineBank Legacy Finance
TX-00436,ACC-012,2026-09-05,200.00,EUR,CREDIT,Synthetic Counterparty 0436,AlpineBank Legacy Finance
TX-00437,ACC-013,2026-09-05,200.00,EUR,CREDIT,Synthetic Counterparty 0437,AlpineBank Legacy Finance
TX-00438,ACC-014,2026-09-05,200.00,EUR,CREDIT,Synthetic Counterparty 0438,AlpineBank Legacy Finance
TX-00439,ACC-015,2026-09-05,200.00,EUR,CREDIT,Synthetic Counterparty 0439,AlpineBank Legacy Finance
TX-00440,ACC-016,2026-09-05,200.00,EUR,CREDIT,Synthetic Counterparty 0440,AlpineBank Legacy Finance
TX-00441,ACC-017,2026-09-05,200.00,EUR,CREDIT,Synthetic Counterparty 0441,AlpineBank Legacy Finance
TX-00442,ACC-001,2026-09-05,200.00,EUR,CREDIT,Synthetic Counterparty 0442,AlpineBank Legacy Finance
TX-00443,ACC-002,2026-09-05,200.00,EUR,CREDIT,Synthetic Counterparty 0443,AlpineBank Legacy Finance
TX-00444,ACC-003,2026-09-05,200.00,EUR,CREDIT,Synthetic Counterparty 0444,AlpineBank Legacy Finance
TX-00445,ACC-004,2026-09-05,200.00,EUR,CREDIT,Synthetic Counterparty 0445,AlpineBank Legacy Finance
TX-00446,ACC-005,2026-09-05,200.00,EUR,CREDIT,Synthetic Counterparty 0446,AlpineBank Legacy Finance
TX-00447,ACC-006,2026-09-05,200.00,EUR,CREDIT,Synthetic Counterparty 0447,AlpineBank Legacy Finance
TX-00448,ACC-007,2026-09-05,200.00,EUR,CREDIT,Synthetic Counterparty 0448,AlpineBank Legacy Finance
TX-00449,ACC-008,2026-09-05,200.00,EUR,CREDIT,Synthetic Counterparty 0449,AlpineBank Legacy Finance
TX-00450,ACC-009,2026-09-05,200.00,EUR,CREDIT,Synthetic Counterparty 0450,AlpineBank Legacy Finance
TX-00451,ACC-010,2026-09-05,200.00,EUR,CREDIT,Synthetic Counterparty 0451,AlpineBank Legacy Finance
TX-00452,ACC-011,2026-09-05,200.00,EUR,CREDIT,Synthetic Counterparty 0452,AlpineBank Legacy Finance
TX-00453,ACC-012,2026-09-05,200.00,EUR,CREDIT,Synthetic Counterparty 0453,AlpineBank Legacy Finance
TX-00454,ACC-013,2026-09-05,200.00,EUR,CREDIT,Synthetic Counterparty 0454,AlpineBank Legacy Finance
TX-00455,ACC-014,2026-09-05,200.00,EUR,CREDIT,Synthetic Counterparty 0455,AlpineBank Legacy Finance
TX-00456,ACC-015,2026-09-05,200.00,EUR,CREDIT,Synthetic Counterparty 0456,AlpineBank Legacy Finance
TX-00457,ACC-016,2026-09-05,200.00,EUR,CREDIT,Synthetic Counterparty 0457,AlpineBank Legacy Finance
TX-00458,ACC-017,2026-09-05,200.00,EUR,CREDIT,Synthetic Counterparty 0458,AlpineBank Legacy Finance
TX-00459,ACC-001,2026-09-05,200.00,EUR,CREDIT,Synthetic Counterparty 0459,AlpineBank Legacy Finance
TX-00460,ACC-002,2026-09-05,200.00,EUR,CREDIT,Synthetic Counterparty 0460,AlpineBank Legacy Finance
TX-00461,ACC-003,2026-09-05,200.00,EUR,CREDIT,Synthetic Counterparty 0461,AlpineBank Legacy Finance
TX-00462,ACC-004,2026-09-05,200.00,EUR,CREDIT,Synthetic Counterparty 0462,AlpineBank Legacy Finance
TX-00463,ACC-005,2026-09-05,200.00,EUR,CREDIT,Synthetic Counterparty 0463,AlpineBank Legacy Finance
TX-00464,ACC-006,2026-09-05,200.00,EUR,CREDIT,Synthetic Counterparty 0464,AlpineBank Legacy Finance
TX-00465,ACC-007,2026-09-05,200.00,EUR,CREDIT,Synthetic Counterparty 0465,AlpineBank Legacy Finance
TX-00466,ACC-008,2026-09-05,200.00,EUR,CREDIT,Synthetic Counterparty 0466,AlpineBank Legacy Finance
TX-00467,ACC-009,2026-09-05,200.00,EUR,CREDIT,Synthetic Counterparty 0467,AlpineBank Legacy Finance
TX-00468,ACC-010,2026-09-05,200.00,EUR,CREDIT,Synthetic Counterparty 0468,AlpineBank Legacy Finance
TX-00469,ACC-011,2026-09-05,200.00,EUR,CREDIT,Synthetic Counterparty 0469,AlpineBank Legacy Finance
TX-00470,ACC-012,2026-09-05,200.00,EUR,CREDIT,Synthetic Counterparty 0470,AlpineBank Legacy Finance
TX-00471,ACC-013,2026-09-05,200.00,EUR,CREDIT,Synthetic Counterparty 0471,AlpineBank Legacy Finance
TX-00472,ACC-014,2026-09-05,200.00,EUR,CREDIT,Synthetic Counterparty 0472,AlpineBank Legacy Finance
TX-00473,ACC-015,2026-09-05,200.00,EUR,CREDIT,Synthetic Counterparty 0473,AlpineBank Legacy Finance
TX-00474,ACC-016,2026-09-05,200.00,EUR,CREDIT,Synthetic Counterparty 0474,AlpineBank Legacy Finance
TX-00475,ACC-017,2026-09-05,200.00,EUR,CREDIT,Synthetic Counterparty 0475,AlpineBank Legacy Finance
TX-00476,ACC-001,2026-09-05,200.00,EUR,CREDIT,Synthetic Counterparty 0476,AlpineBank Legacy Finance
TX-00477,ACC-002,2026-09-05,200.00,EUR,CREDIT,Synthetic Counterparty 0477,AlpineBank Legacy Finance
TX-00478,ACC-003,2026-09-05,200.00,EUR,CREDIT,Synthetic Counterparty 0478,AlpineBank Legacy Finance
TX-00479,ACC-004,2026-09-05,200.00,EUR,CREDIT,Synthetic Counterparty 0479,AlpineBank Legacy Finance
TX-00480,ACC-005,2026-09-05,200.00,EUR,CREDIT,Synthetic Counterparty 0480,AlpineBank Legacy Finance
TX-00481,ACC-006,2026-09-05,200.00,EUR,CREDIT,Synthetic Counterparty 0481,AlpineBank Legacy Finance
TX-00482,ACC-007,2026-09-05,200.00,EUR,CREDIT,Synthetic Counterparty 0482,AlpineBank Legacy Finance
TX-00483,ACC-008,2026-09-05,200.00,EUR,CREDIT,Synthetic Counterparty 0483,AlpineBank Legacy Finance
TX-00484,ACC-009,2026-09-05,200.00,EUR,CREDIT,Synthetic Counterparty 0484,AlpineBank Legacy Finance
TX-00485,ACC-010,2026-09-05,200.00,EUR,CREDIT,Synthetic Counterparty 0485,AlpineBank Legacy Finance
TX-00486,ACC-011,2026-09-05,200.00,EUR,CREDIT,Synthetic Counterparty 0486,AlpineBank Legacy Finance
TX-00487,ACC-012,2026-09-05,200.00,EUR,CREDIT,Synthetic Counterparty 0487,AlpineBank Legacy Finance
TX-00488,ACC-013,2026-09-05,200.00,EUR,CREDIT,Synthetic Counterparty 0488,AlpineBank Legacy Finance
TX-00489,ACC-014,2026-09-05,200.00,EUR,CREDIT,Synthetic Counterparty 0489,AlpineBank Legacy Finance
TX-00490,ACC-015,2026-09-05,200.00,EUR,CREDIT,Synthetic Counterparty 0490,AlpineBank Legacy Finance
TX-00491,ACC-016,2026-09-05,200.00,EUR,CREDIT,Synthetic Counterparty 0491,AlpineBank Legacy Finance
TX-00492,ACC-017,2026-09-05,200.00,EUR,CREDIT,Synthetic Counterparty 0492,AlpineBank Legacy Finance
TX-00493,ACC-001,2026-09-05,200.00,EUR,CREDIT,Synthetic Counterparty 0493,AlpineBank Legacy Finance
TX-00494,ACC-002,2026-09-05,200.00,EUR,CREDIT,Synthetic Counterparty 0494,AlpineBank Legacy Finance
TX-00495,ACC-003,2026-09-05,200.00,EUR,CREDIT,Synthetic Counterparty 0495,AlpineBank Legacy Finance
TX-00496,ACC-004,2026-09-05,200.00,EUR,CREDIT,Synthetic Counterparty 0496,AlpineBank Legacy Finance
TX-00497,ACC-005,2026-09-05,200.00,EUR,CREDIT,Synthetic Counterparty 0497,AlpineBank Legacy Finance
TX-00498,ACC-006,2026-09-05,200.00,EUR,CREDIT,Synthetic Counterparty 0498,AlpineBank Legacy Finance
TX-00499,ACC-007,2026-09-05,200.00,EUR,CREDIT,Synthetic Counterparty 0499,AlpineBank Legacy Finance
TX-00500,ACC-008,2026-09-05,200.00,EUR,CREDIT,Synthetic Counterparty 0500,AlpineBank Legacy Finance
TX-00501,ACC-009,2026-09-05,200.00,EUR,CREDIT,Synthetic Counterparty 0501,AlpineBank Legacy Finance
TX-00502,ACC-010,2026-09-05,200.00,EUR,CREDIT,Synthetic Counterparty 0502,AlpineBank Legacy Finance
TX-00503,ACC-011,2026-09-05,200.00,EUR,CREDIT,Synthetic Counterparty 0503,AlpineBank Legacy Finance
TX-00504,ACC-012,2026-09-05,200.00,EUR,CREDIT,Synthetic Counterparty 0504,AlpineBank Legacy Finance
TX-00505,ACC-013,2026-09-05,200.00,EUR,CREDIT,Synthetic Counterparty 0505,AlpineBank Legacy Finance
TX-00506,ACC-014,2026-09-05,200.00,EUR,CREDIT,Synthetic Counterparty 0506,AlpineBank Legacy Finance
TX-00507,ACC-015,2026-09-05,200.00,EUR,CREDIT,Synthetic Counterparty 0507,AlpineBank Legacy Finance
TX-00508,ACC-016,2026-09-05,200.00,EUR,CREDIT,Synthetic Counterparty 0508,AlpineBank Legacy Finance
TX-00509,ACC-017,2026-09-05,23800.00,EUR,CREDIT,Synthetic Counterparty 0509,AlpineBank Legacy Finance
TX-00510,ACC-001,2026-09-05,150.00,EUR,DEBIT,Synthetic Counterparty 0510,AlpineBank Legacy Finance
TX-00511,ACC-002,2026-09-05,150.00,EUR,DEBIT,Synthetic Counterparty 0511,AlpineBank Legacy Finance
TX-00512,ACC-003,2026-09-05,150.00,EUR,DEBIT,Synthetic Counterparty 0512,AlpineBank Legacy Finance
TX-00513,ACC-004,2026-09-05,150.00,EUR,DEBIT,Synthetic Counterparty 0513,AlpineBank Legacy Finance
TX-00514,ACC-005,2026-09-05,150.00,EUR,DEBIT,Synthetic Counterparty 0514,AlpineBank Legacy Finance
TX-00515,ACC-006,2026-09-05,150.00,EUR,DEBIT,Synthetic Counterparty 0515,AlpineBank Legacy Finance
TX-00516,ACC-007,2026-09-05,150.00,EUR,DEBIT,Synthetic Counterparty 0516,AlpineBank Legacy Finance
TX-00517,ACC-008,2026-09-05,150.00,EUR,DEBIT,Synthetic Counterparty 0517,AlpineBank Legacy Finance
TX-00518,ACC-009,2026-09-05,150.00,EUR,DEBIT,Synthetic Counterparty 0518,AlpineBank Legacy Finance
TX-00519,ACC-010,2026-09-05,150.00,EUR,DEBIT,Synthetic Counterparty 0519,AlpineBank Legacy Finance
TX-00520,ACC-011,2026-09-05,150.00,EUR,DEBIT,Synthetic Counterparty 0520,AlpineBank Legacy Finance
TX-00521,ACC-012,2026-09-05,150.00,EUR,DEBIT,Synthetic Counterparty 0521,AlpineBank Legacy Finance
TX-00522,ACC-013,2026-09-05,150.00,EUR,DEBIT,Synthetic Counterparty 0522,AlpineBank Legacy Finance
TX-00523,ACC-014,2026-09-05,150.00,EUR,DEBIT,Synthetic Counterparty 0523,AlpineBank Legacy Finance
TX-00524,ACC-015,2026-09-05,150.00,EUR,DEBIT,Synthetic Counterparty 0524,AlpineBank Legacy Finance
TX-00525,ACC-016,2026-09-05,150.00,EUR,DEBIT,Synthetic Counterparty 0525,AlpineBank Legacy Finance
TX-00526,ACC-017,2026-09-05,150.00,EUR,DEBIT,Synthetic Counterparty 0526,AlpineBank Legacy Finance
TX-00527,ACC-001,2026-09-05,150.00,EUR,DEBIT,Synthetic Counterparty 0527,AlpineBank Legacy Finance
TX-00528,ACC-002,2026-09-05,150.00,EUR,DEBIT,Synthetic Counterparty 0528,AlpineBank Legacy Finance
TX-00529,ACC-003,2026-09-05,150.00,EUR,DEBIT,Synthetic Counterparty 0529,AlpineBank Legacy Finance
TX-00530,ACC-004,2026-09-05,150.00,EUR,DEBIT,Synthetic Counterparty 0530,AlpineBank Legacy Finance
TX-00531,ACC-005,2026-09-05,150.00,EUR,DEBIT,Synthetic Counterparty 0531,AlpineBank Legacy Finance
TX-00532,ACC-006,2026-09-05,150.00,EUR,DEBIT,Synthetic Counterparty 0532,AlpineBank Legacy Finance
TX-00533,ACC-007,2026-09-05,150.00,EUR,DEBIT,Synthetic Counterparty 0533,AlpineBank Legacy Finance
TX-00534,ACC-008,2026-09-05,150.00,EUR,DEBIT,Synthetic Counterparty 0534,AlpineBank Legacy Finance
TX-00535,ACC-009,2026-09-05,150.00,EUR,DEBIT,Synthetic Counterparty 0535,AlpineBank Legacy Finance
TX-00536,ACC-010,2026-09-05,150.00,EUR,DEBIT,Synthetic Counterparty 0536,AlpineBank Legacy Finance
TX-00537,ACC-011,2026-09-05,150.00,EUR,DEBIT,Synthetic Counterparty 0537,AlpineBank Legacy Finance
TX-00538,ACC-012,2026-09-05,150.00,EUR,DEBIT,Synthetic Counterparty 0538,AlpineBank Legacy Finance
TX-00539,ACC-013,2026-09-05,150.00,EUR,DEBIT,Synthetic Counterparty 0539,AlpineBank Legacy Finance
TX-00540,ACC-014,2026-09-05,150.00,EUR,DEBIT,Synthetic Counterparty 0540,AlpineBank Legacy Finance
TX-00541,ACC-015,2026-09-05,150.00,EUR,DEBIT,Synthetic Counterparty 0541,AlpineBank Legacy Finance
TX-00542,ACC-016,2026-09-05,150.00,EUR,DEBIT,Synthetic Counterparty 0542,AlpineBank Legacy Finance
TX-00543,ACC-017,2026-09-05,150.00,EUR,DEBIT,Synthetic Counterparty 0543,AlpineBank Legacy Finance
TX-00544,ACC-001,2026-09-05,150.00,EUR,DEBIT,Synthetic Counterparty 0544,AlpineBank Legacy Finance
TX-00545,ACC-002,2026-09-05,150.00,EUR,DEBIT,Synthetic Counterparty 0545,AlpineBank Legacy Finance
TX-00546,ACC-003,2026-09-05,150.00,EUR,DEBIT,Synthetic Counterparty 0546,AlpineBank Legacy Finance
TX-00547,ACC-004,2026-09-05,150.00,EUR,DEBIT,Synthetic Counterparty 0547,AlpineBank Legacy Finance
TX-00548,ACC-005,2026-09-05,150.00,EUR,DEBIT,Synthetic Counterparty 0548,AlpineBank Legacy Finance
TX-00549,ACC-006,2026-09-05,150.00,EUR,DEBIT,Synthetic Counterparty 0549,AlpineBank Legacy Finance
TX-00550,ACC-007,2026-09-05,150.00,EUR,DEBIT,Synthetic Counterparty 0550,AlpineBank Legacy Finance
TX-00551,ACC-008,2026-09-05,150.00,EUR,DEBIT,Synthetic Counterparty 0551,AlpineBank Legacy Finance
TX-00552,ACC-009,2026-09-05,150.00,EUR,DEBIT,Synthetic Counterparty 0552,AlpineBank Legacy Finance
TX-00553,ACC-010,2026-09-05,150.00,EUR,DEBIT,Synthetic Counterparty 0553,AlpineBank Legacy Finance
TX-00554,ACC-011,2026-09-05,150.00,EUR,DEBIT,Synthetic Counterparty 0554,AlpineBank Legacy Finance
TX-00555,ACC-012,2026-09-05,150.00,EUR,DEBIT,Synthetic Counterparty 0555,AlpineBank Legacy Finance
TX-00556,ACC-013,2026-09-05,150.00,EUR,DEBIT,Synthetic Counterparty 0556,AlpineBank Legacy Finance
TX-00557,ACC-014,2026-09-05,150.00,EUR,DEBIT,Synthetic Counterparty 0557,AlpineBank Legacy Finance
TX-00558,ACC-015,2026-09-05,150.00,EUR,DEBIT,Synthetic Counterparty 0558,AlpineBank Legacy Finance
TX-00559,ACC-016,2026-09-05,150.00,EUR,DEBIT,Synthetic Counterparty 0559,AlpineBank Legacy Finance
TX-00560,ACC-017,2026-09-05,150.00,EUR,DEBIT,Synthetic Counterparty 0560,AlpineBank Legacy Finance
TX-00561,ACC-001,2026-09-05,150.00,EUR,DEBIT,Synthetic Counterparty 0561,AlpineBank Legacy Finance
TX-00562,ACC-002,2026-09-05,150.00,EUR,DEBIT,Synthetic Counterparty 0562,AlpineBank Legacy Finance
TX-00563,ACC-003,2026-09-05,150.00,EUR,DEBIT,Synthetic Counterparty 0563,AlpineBank Legacy Finance
TX-00564,ACC-004,2026-09-05,150.00,EUR,DEBIT,Synthetic Counterparty 0564,AlpineBank Legacy Finance
TX-00565,ACC-005,2026-09-05,150.00,EUR,DEBIT,Synthetic Counterparty 0565,AlpineBank Legacy Finance
TX-00566,ACC-006,2026-09-05,150.00,EUR,DEBIT,Synthetic Counterparty 0566,AlpineBank Legacy Finance
TX-00567,ACC-007,2026-09-05,150.00,EUR,DEBIT,Synthetic Counterparty 0567,AlpineBank Legacy Finance
TX-00568,ACC-008,2026-09-05,150.00,EUR,DEBIT,Synthetic Counterparty 0568,AlpineBank Legacy Finance
TX-00569,ACC-009,2026-09-05,150.00,EUR,DEBIT,Synthetic Counterparty 0569,AlpineBank Legacy Finance
TX-00570,ACC-010,2026-09-05,150.00,EUR,DEBIT,Synthetic Counterparty 0570,AlpineBank Legacy Finance
TX-00571,ACC-011,2026-09-05,150.00,EUR,DEBIT,Synthetic Counterparty 0571,AlpineBank Legacy Finance
TX-00572,ACC-012,2026-09-05,150.00,EUR,DEBIT,Synthetic Counterparty 0572,AlpineBank Legacy Finance
TX-00573,ACC-013,2026-09-05,150.00,EUR,DEBIT,Synthetic Counterparty 0573,AlpineBank Legacy Finance
TX-00574,ACC-014,2026-09-05,150.00,EUR,DEBIT,Synthetic Counterparty 0574,AlpineBank Legacy Finance
TX-00575,ACC-015,2026-09-05,150.00,EUR,DEBIT,Synthetic Counterparty 0575,AlpineBank Legacy Finance
TX-00576,ACC-016,2026-09-05,150.00,EUR,DEBIT,Synthetic Counterparty 0576,AlpineBank Legacy Finance
TX-00577,ACC-017,2026-09-05,150.00,EUR,DEBIT,Synthetic Counterparty 0577,AlpineBank Legacy Finance
TX-00578,ACC-001,2026-09-05,150.00,EUR,DEBIT,Synthetic Counterparty 0578,AlpineBank Legacy Finance
TX-00579,ACC-002,2026-09-05,150.00,EUR,DEBIT,Synthetic Counterparty 0579,AlpineBank Legacy Finance
TX-00580,ACC-003,2026-09-05,150.00,EUR,DEBIT,Synthetic Counterparty 0580,AlpineBank Legacy Finance
TX-00581,ACC-004,2026-09-05,150.00,EUR,DEBIT,Synthetic Counterparty 0581,AlpineBank Legacy Finance
TX-00582,ACC-005,2026-09-05,150.00,EUR,DEBIT,Synthetic Counterparty 0582,AlpineBank Legacy Finance
TX-00583,ACC-006,2026-09-05,150.00,EUR,DEBIT,Synthetic Counterparty 0583,AlpineBank Legacy Finance
TX-00584,ACC-007,2026-09-05,150.00,EUR,DEBIT,Synthetic Counterparty 0584,AlpineBank Legacy Finance
TX-00585,ACC-008,2026-09-05,150.00,EUR,DEBIT,Synthetic Counterparty 0585,AlpineBank Legacy Finance
TX-00586,ACC-009,2026-09-05,150.00,EUR,DEBIT,Synthetic Counterparty 0586,AlpineBank Legacy Finance
TX-00587,ACC-010,2026-09-05,150.00,EUR,DEBIT,Synthetic Counterparty 0587,AlpineBank Legacy Finance
TX-00588,ACC-011,2026-09-05,150.00,EUR,DEBIT,Synthetic Counterparty 0588,AlpineBank Legacy Finance
TX-00589,ACC-012,2026-09-05,150.00,EUR,DEBIT,Synthetic Counterparty 0589,AlpineBank Legacy Finance
TX-00590,ACC-013,2026-09-05,150.00,EUR,DEBIT,Synthetic Counterparty 0590,AlpineBank Legacy Finance
TX-00591,ACC-014,2026-09-05,150.00,EUR,DEBIT,Synthetic Counterparty 0591,AlpineBank Legacy Finance
TX-00592,ACC-015,2026-09-05,150.00,EUR,DEBIT,Synthetic Counterparty 0592,AlpineBank Legacy Finance
TX-00593,ACC-016,2026-09-05,150.00,EUR,DEBIT,Synthetic Counterparty 0593,AlpineBank Legacy Finance
TX-00594,ACC-017,2026-09-05,150.00,EUR,DEBIT,Synthetic Counterparty 0594,AlpineBank Legacy Finance
TX-00595,ACC-001,2026-09-05,150.00,EUR,DEBIT,Synthetic Counterparty 0595,AlpineBank Legacy Finance
TX-00596,ACC-002,2026-09-05,150.00,EUR,DEBIT,Synthetic Counterparty 0596,AlpineBank Legacy Finance
TX-00597,ACC-003,2026-09-05,150.00,EUR,DEBIT,Synthetic Counterparty 0597,AlpineBank Legacy Finance
TX-00598,ACC-004,2026-09-05,150.00,EUR,DEBIT,Synthetic Counterparty 0598,AlpineBank Legacy Finance
TX-00599,ACC-005,2026-09-05,150.00,EUR,DEBIT,Synthetic Counterparty 0599,AlpineBank Legacy Finance
TX-00600,ACC-006,2026-09-05,150.00,EUR,DEBIT,Synthetic Counterparty 0600,AlpineBank Legacy Finance
TX-00601,ACC-007,2026-09-05,150.00,EUR,DEBIT,Synthetic Counterparty 0601,AlpineBank Legacy Finance
TX-00602,ACC-008,2026-09-05,150.00,EUR,DEBIT,Synthetic Counterparty 0602,AlpineBank Legacy Finance
TX-00603,ACC-009,2026-09-05,150.00,EUR,DEBIT,Synthetic Counterparty 0603,AlpineBank Legacy Finance
TX-00604,ACC-010,2026-09-05,150.00,EUR,DEBIT,Synthetic Counterparty 0604,AlpineBank Legacy Finance
TX-00605,ACC-011,2026-09-05,150.00,EUR,DEBIT,Synthetic Counterparty 0605,AlpineBank Legacy Finance
TX-00606,ACC-012,2026-09-05,150.00,EUR,DEBIT,Synthetic Counterparty 0606,AlpineBank Legacy Finance
TX-00607,ACC-013,2026-09-05,150.00,EUR,DEBIT,Synthetic Counterparty 0607,AlpineBank Legacy Finance
TX-00608,ACC-014,2026-09-05,150.00,EUR,DEBIT,Synthetic Counterparty 0608,AlpineBank Legacy Finance
TX-00609,ACC-015,2026-09-05,150.00,EUR,DEBIT,Synthetic Counterparty 0609,AlpineBank Legacy Finance
TX-00610,ACC-016,2026-09-05,150.00,EUR,DEBIT,Synthetic Counterparty 0610,AlpineBank Legacy Finance
TX-00611,ACC-017,2026-09-05,150.00,EUR,DEBIT,Synthetic Counterparty 0611,AlpineBank Legacy Finance
TX-00612,ACC-001,2026-09-05,150.00,EUR,DEBIT,Synthetic Counterparty 0612,AlpineBank Legacy Finance
TX-00613,ACC-002,2026-09-05,150.00,EUR,DEBIT,Synthetic Counterparty 0613,AlpineBank Legacy Finance
TX-00614,ACC-003,2026-09-05,150.00,EUR,DEBIT,Synthetic Counterparty 0614,AlpineBank Legacy Finance
TX-00615,ACC-004,2026-09-05,150.00,EUR,DEBIT,Synthetic Counterparty 0615,AlpineBank Legacy Finance
TX-00616,ACC-005,2026-09-05,150.00,EUR,DEBIT,Synthetic Counterparty 0616,AlpineBank Legacy Finance
TX-00617,ACC-006,2026-09-05,150.00,EUR,DEBIT,Synthetic Counterparty 0617,AlpineBank Legacy Finance
TX-00618,ACC-007,2026-09-05,150.00,EUR,DEBIT,Synthetic Counterparty 0618,AlpineBank Legacy Finance
TX-00619,ACC-008,2026-09-05,150.00,EUR,DEBIT,Synthetic Counterparty 0619,AlpineBank Legacy Finance
TX-00620,ACC-009,2026-09-05,150.00,EUR,DEBIT,Synthetic Counterparty 0620,AlpineBank Legacy Finance
TX-00621,ACC-010,2026-09-05,150.00,EUR,DEBIT,Synthetic Counterparty 0621,AlpineBank Legacy Finance
TX-00622,ACC-011,2026-09-05,150.00,EUR,DEBIT,Synthetic Counterparty 0622,AlpineBank Legacy Finance
TX-00623,ACC-012,2026-09-05,150.00,EUR,DEBIT,Synthetic Counterparty 0623,AlpineBank Legacy Finance
TX-00624,ACC-013,2026-09-05,150.00,EUR,DEBIT,Synthetic Counterparty 0624,AlpineBank Legacy Finance
TX-00625,ACC-014,2026-09-05,150.00,EUR,DEBIT,Synthetic Counterparty 0625,AlpineBank Legacy Finance
TX-00626,ACC-015,2026-09-05,150.00,EUR,DEBIT,Synthetic Counterparty 0626,AlpineBank Legacy Finance
TX-00627,ACC-016,2026-09-05,150.00,EUR,DEBIT,Synthetic Counterparty 0627,AlpineBank Legacy Finance
TX-00628,ACC-017,2026-09-05,150.00,EUR,DEBIT,Synthetic Counterparty 0628,AlpineBank Legacy Finance
TX-00629,ACC-001,2026-09-05,150.00,EUR,DEBIT,Synthetic Counterparty 0629,AlpineBank Legacy Finance
TX-00630,ACC-002,2026-09-05,150.00,EUR,DEBIT,Synthetic Counterparty 0630,AlpineBank Legacy Finance
TX-00631,ACC-003,2026-09-05,150.00,EUR,DEBIT,Synthetic Counterparty 0631,AlpineBank Legacy Finance
TX-00632,ACC-004,2026-09-05,150.00,EUR,DEBIT,Synthetic Counterparty 0632,AlpineBank Legacy Finance
TX-00633,ACC-005,2026-09-05,150.00,EUR,DEBIT,Synthetic Counterparty 0633,AlpineBank Legacy Finance
TX-00634,ACC-006,2026-09-05,150.00,EUR,DEBIT,Synthetic Counterparty 0634,AlpineBank Legacy Finance
TX-00635,ACC-007,2026-09-05,150.00,EUR,DEBIT,Synthetic Counterparty 0635,AlpineBank Legacy Finance
TX-00636,ACC-008,2026-09-05,150.00,EUR,DEBIT,Synthetic Counterparty 0636,AlpineBank Legacy Finance
TX-00637,ACC-009,2026-09-05,150.00,EUR,DEBIT,Synthetic Counterparty 0637,AlpineBank Legacy Finance
TX-00638,ACC-010,2026-09-05,150.00,EUR,DEBIT,Synthetic Counterparty 0638,AlpineBank Legacy Finance
TX-00639,ACC-011,2026-09-05,150.00,EUR,DEBIT,Synthetic Counterparty 0639,AlpineBank Legacy Finance
TX-00640,ACC-012,2026-09-05,150.00,EUR,DEBIT,Synthetic Counterparty 0640,AlpineBank Legacy Finance
TX-00641,ACC-013,2026-09-05,150.00,EUR,DEBIT,Synthetic Counterparty 0641,AlpineBank Legacy Finance
TX-00642,ACC-014,2026-09-05,150.00,EUR,DEBIT,Synthetic Counterparty 0642,AlpineBank Legacy Finance
TX-00643,ACC-015,2026-09-05,150.00,EUR,DEBIT,Synthetic Counterparty 0643,AlpineBank Legacy Finance
TX-00644,ACC-016,2026-09-05,150.00,EUR,DEBIT,Synthetic Counterparty 0644,AlpineBank Legacy Finance
TX-00645,ACC-017,2026-09-05,150.00,EUR,DEBIT,Synthetic Counterparty 0645,AlpineBank Legacy Finance
TX-00646,ACC-001,2026-09-05,150.00,EUR,DEBIT,Synthetic Counterparty 0646,AlpineBank Legacy Finance
TX-00647,ACC-002,2026-09-05,150.00,EUR,DEBIT,Synthetic Counterparty 0647,AlpineBank Legacy Finance
TX-00648,ACC-003,2026-09-05,150.00,EUR,DEBIT,Synthetic Counterparty 0648,AlpineBank Legacy Finance
TX-00649,ACC-004,2026-09-05,150.00,EUR,DEBIT,Synthetic Counterparty 0649,AlpineBank Legacy Finance
TX-00650,ACC-005,2026-09-05,150.00,EUR,DEBIT,Synthetic Counterparty 0650,AlpineBank Legacy Finance
TX-00651,ACC-006,2026-09-05,150.00,EUR,DEBIT,Synthetic Counterparty 0651,AlpineBank Legacy Finance
TX-00652,ACC-007,2026-09-05,150.00,EUR,DEBIT,Synthetic Counterparty 0652,AlpineBank Legacy Finance
TX-00653,ACC-008,2026-09-05,150.00,EUR,DEBIT,Synthetic Counterparty 0653,AlpineBank Legacy Finance
TX-00654,ACC-009,2026-09-05,150.00,EUR,DEBIT,Synthetic Counterparty 0654,AlpineBank Legacy Finance
TX-00655,ACC-010,2026-09-05,150.00,EUR,DEBIT,Synthetic Counterparty 0655,AlpineBank Legacy Finance
TX-00656,ACC-011,2026-09-05,150.00,EUR,DEBIT,Synthetic Counterparty 0656,AlpineBank Legacy Finance
TX-00657,ACC-012,2026-09-05,150.00,EUR,DEBIT,Synthetic Counterparty 0657,AlpineBank Legacy Finance
TX-00658,ACC-013,2026-09-05,150.00,EUR,DEBIT,Synthetic Counterparty 0658,AlpineBank Legacy Finance
TX-00659,ACC-014,2026-09-05,150.00,EUR,DEBIT,Synthetic Counterparty 0659,AlpineBank Legacy Finance
TX-00660,ACC-015,2026-09-05,150.00,EUR,DEBIT,Synthetic Counterparty 0660,AlpineBank Legacy Finance
TX-00661,ACC-016,2026-09-05,150.00,EUR,DEBIT,Synthetic Counterparty 0661,AlpineBank Legacy Finance
TX-00662,ACC-017,2026-09-05,150.00,EUR,DEBIT,Synthetic Counterparty 0662,AlpineBank Legacy Finance
TX-00663,ACC-001,2026-09-05,150.00,EUR,DEBIT,Synthetic Counterparty 0663,AlpineBank Legacy Finance
TX-00664,ACC-002,2026-09-05,150.00,EUR,DEBIT,Synthetic Counterparty 0664,AlpineBank Legacy Finance
TX-00665,ACC-003,2026-09-05,150.00,EUR,DEBIT,Synthetic Counterparty 0665,AlpineBank Legacy Finance
TX-00666,ACC-004,2026-09-05,150.00,EUR,DEBIT,Synthetic Counterparty 0666,AlpineBank Legacy Finance
TX-00667,ACC-005,2026-09-05,150.00,EUR,DEBIT,Synthetic Counterparty 0667,AlpineBank Legacy Finance
TX-00668,ACC-006,2026-09-05,150.00,EUR,DEBIT,Synthetic Counterparty 0668,AlpineBank Legacy Finance
TX-00669,ACC-007,2026-09-05,150.00,EUR,DEBIT,Synthetic Counterparty 0669,AlpineBank Legacy Finance
TX-00670,ACC-008,2026-09-05,150.00,EUR,DEBIT,Synthetic Counterparty 0670,AlpineBank Legacy Finance
TX-00671,ACC-009,2026-09-05,150.00,EUR,DEBIT,Synthetic Counterparty 0671,AlpineBank Legacy Finance
TX-00672,ACC-010,2026-09-05,150.00,EUR,DEBIT,Synthetic Counterparty 0672,AlpineBank Legacy Finance
TX-00673,ACC-011,2026-09-05,150.00,EUR,DEBIT,Synthetic Counterparty 0673,AlpineBank Legacy Finance
TX-00674,ACC-012,2026-09-05,150.00,EUR,DEBIT,Synthetic Counterparty 0674,AlpineBank Legacy Finance
TX-00675,ACC-013,2026-09-05,150.00,EUR,DEBIT,Synthetic Counterparty 0675,AlpineBank Legacy Finance
TX-00676,ACC-014,2026-09-05,150.00,EUR,DEBIT,Synthetic Counterparty 0676,AlpineBank Legacy Finance
TX-00677,ACC-015,2026-09-05,150.00,EUR,DEBIT,Synthetic Counterparty 0677,AlpineBank Legacy Finance
TX-00678,ACC-016,2026-09-05,150.00,EUR,DEBIT,Synthetic Counterparty 0678,AlpineBank Legacy Finance
TX-00679,ACC-017,2026-09-05,150.00,EUR,DEBIT,Synthetic Counterparty 0679,AlpineBank Legacy Finance
TX-00680,ACC-001,2026-09-05,150.00,EUR,DEBIT,Synthetic Counterparty 0680,AlpineBank Legacy Finance
TX-00681,ACC-002,2026-09-05,150.00,EUR,DEBIT,Synthetic Counterparty 0681,AlpineBank Legacy Finance
TX-00682,ACC-003,2026-09-05,150.00,EUR,DEBIT,Synthetic Counterparty 0682,AlpineBank Legacy Finance
TX-00683,ACC-004,2026-09-05,150.00,EUR,DEBIT,Synthetic Counterparty 0683,AlpineBank Legacy Finance
TX-00684,ACC-005,2026-09-05,150.00,EUR,DEBIT,Synthetic Counterparty 0684,AlpineBank Legacy Finance
TX-00685,ACC-006,2026-09-05,150.00,EUR,DEBIT,Synthetic Counterparty 0685,AlpineBank Legacy Finance
TX-00686,ACC-007,2026-09-05,150.00,EUR,DEBIT,Synthetic Counterparty 0686,AlpineBank Legacy Finance
TX-00687,ACC-008,2026-09-05,150.00,EUR,DEBIT,Synthetic Counterparty 0687,AlpineBank Legacy Finance
TX-00688,ACC-009,2026-09-05,150.00,EUR,DEBIT,Synthetic Counterparty 0688,AlpineBank Legacy Finance
TX-00689,ACC-010,2026-09-05,150.00,EUR,DEBIT,Synthetic Counterparty 0689,AlpineBank Legacy Finance
TX-00690,ACC-011,2026-09-05,150.00,EUR,DEBIT,Synthetic Counterparty 0690,AlpineBank Legacy Finance
TX-00691,ACC-012,2026-09-05,150.00,EUR,DEBIT,Synthetic Counterparty 0691,AlpineBank Legacy Finance
TX-00692,ACC-013,2026-09-05,150.00,EUR,DEBIT,Synthetic Counterparty 0692,AlpineBank Legacy Finance
TX-00693,ACC-014,2026-09-05,150.00,EUR,DEBIT,Synthetic Counterparty 0693,AlpineBank Legacy Finance
TX-00694,ACC-015,2026-09-05,150.00,EUR,DEBIT,Synthetic Counterparty 0694,AlpineBank Legacy Finance
TX-00695,ACC-016,2026-09-05,150.00,EUR,DEBIT,Synthetic Counterparty 0695,AlpineBank Legacy Finance
TX-00696,ACC-017,2026-09-05,150.00,EUR,DEBIT,Synthetic Counterparty 0696,AlpineBank Legacy Finance
TX-00697,ACC-001,2026-09-05,150.00,EUR,DEBIT,Synthetic Counterparty 0697,AlpineBank Legacy Finance
TX-00698,ACC-002,2026-09-05,150.00,EUR,DEBIT,Synthetic Counterparty 0698,AlpineBank Legacy Finance
TX-00699,ACC-003,2026-09-05,150.00,EUR,DEBIT,Synthetic Counterparty 0699,AlpineBank Legacy Finance
TX-00700,ACC-004,2026-09-05,150.00,EUR,DEBIT,Synthetic Counterparty 0700,AlpineBank Legacy Finance
TX-00701,ACC-005,2026-09-05,150.00,EUR,DEBIT,Synthetic Counterparty 0701,AlpineBank Legacy Finance
TX-00702,ACC-006,2026-09-05,150.00,EUR,DEBIT,Synthetic Counterparty 0702,AlpineBank Legacy Finance
TX-00703,ACC-007,2026-09-05,150.00,EUR,DEBIT,Synthetic Counterparty 0703,AlpineBank Legacy Finance
TX-00704,ACC-008,2026-09-05,150.00,EUR,DEBIT,Synthetic Counterparty 0704,AlpineBank Legacy Finance
TX-00705,ACC-009,2026-09-05,150.00,EUR,DEBIT,Synthetic Counterparty 0705,AlpineBank Legacy Finance
TX-00706,ACC-010,2026-09-05,150.00,EUR,DEBIT,Synthetic Counterparty 0706,AlpineBank Legacy Finance
TX-00707,ACC-011,2026-09-05,150.00,EUR,DEBIT,Synthetic Counterparty 0707,AlpineBank Legacy Finance
TX-00708,ACC-012,2026-09-05,150.00,EUR,DEBIT,Synthetic Counterparty 0708,AlpineBank Legacy Finance
TX-00709,ACC-013,2026-09-05,150.00,EUR,DEBIT,Synthetic Counterparty 0709,AlpineBank Legacy Finance
TX-00710,ACC-014,2026-09-05,150.00,EUR,DEBIT,Synthetic Counterparty 0710,AlpineBank Legacy Finance
TX-00711,ACC-015,2026-09-05,150.00,EUR,DEBIT,Synthetic Counterparty 0711,AlpineBank Legacy Finance
TX-00712,ACC-016,2026-09-05,150.00,EUR,DEBIT,Synthetic Counterparty 0712,AlpineBank Legacy Finance
TX-00713,ACC-017,2026-09-05,150.00,EUR,DEBIT,Synthetic Counterparty 0713,AlpineBank Legacy Finance
TX-00714,ACC-001,2026-09-05,150.00,EUR,DEBIT,Synthetic Counterparty 0714,AlpineBank Legacy Finance
TX-00715,ACC-002,2026-09-05,150.00,EUR,DEBIT,Synthetic Counterparty 0715,AlpineBank Legacy Finance
TX-00716,ACC-003,2026-09-05,150.00,EUR,DEBIT,Synthetic Counterparty 0716,AlpineBank Legacy Finance
TX-00717,ACC-004,2026-09-05,150.00,EUR,DEBIT,Synthetic Counterparty 0717,AlpineBank Legacy Finance
TX-00718,ACC-005,2026-09-05,150.00,EUR,DEBIT,Synthetic Counterparty 0718,AlpineBank Legacy Finance
TX-00719,ACC-006,2026-09-05,150.00,EUR,DEBIT,Synthetic Counterparty 0719,AlpineBank Legacy Finance
TX-00720,ACC-007,2026-09-05,150.00,EUR,DEBIT,Synthetic Counterparty 0720,AlpineBank Legacy Finance
TX-00721,ACC-008,2026-09-05,150.00,EUR,DEBIT,Synthetic Counterparty 0721,AlpineBank Legacy Finance
TX-00722,ACC-009,2026-09-05,150.00,EUR,DEBIT,Synthetic Counterparty 0722,AlpineBank Legacy Finance
TX-00723,ACC-010,2026-09-05,150.00,EUR,DEBIT,Synthetic Counterparty 0723,AlpineBank Legacy Finance
TX-00724,ACC-011,2026-09-05,150.00,EUR,DEBIT,Synthetic Counterparty 0724,AlpineBank Legacy Finance
TX-00725,ACC-012,2026-09-05,150.00,EUR,DEBIT,Synthetic Counterparty 0725,AlpineBank Legacy Finance
TX-00726,ACC-013,2026-09-05,150.00,EUR,DEBIT,Synthetic Counterparty 0726,AlpineBank Legacy Finance
TX-00727,ACC-014,2026-09-05,150.00,EUR,DEBIT,Synthetic Counterparty 0727,AlpineBank Legacy Finance
TX-00728,ACC-015,2026-09-05,150.00,EUR,DEBIT,Synthetic Counterparty 0728,AlpineBank Legacy Finance
TX-00729,ACC-016,2026-09-05,150.00,EUR,DEBIT,Synthetic Counterparty 0729,AlpineBank Legacy Finance
TX-00730,ACC-017,2026-09-05,150.00,EUR,DEBIT,Synthetic Counterparty 0730,AlpineBank Legacy Finance
TX-00731,ACC-001,2026-09-05,150.00,EUR,DEBIT,Synthetic Counterparty 0731,AlpineBank Legacy Finance
TX-00732,ACC-002,2026-09-05,150.00,EUR,DEBIT,Synthetic Counterparty 0732,AlpineBank Legacy Finance
TX-00733,ACC-003,2026-09-05,150.00,EUR,DEBIT,Synthetic Counterparty 0733,AlpineBank Legacy Finance
TX-00734,ACC-004,2026-09-05,150.00,EUR,DEBIT,Synthetic Counterparty 0734,AlpineBank Legacy Finance
TX-00735,ACC-005,2026-09-05,150.00,EUR,DEBIT,Synthetic Counterparty 0735,AlpineBank Legacy Finance
TX-00736,ACC-006,2026-09-05,150.00,EUR,DEBIT,Synthetic Counterparty 0736,AlpineBank Legacy Finance
TX-00737,ACC-007,2026-09-05,150.00,EUR,DEBIT,Synthetic Counterparty 0737,AlpineBank Legacy Finance
TX-00738,ACC-008,2026-09-05,150.00,EUR,DEBIT,Synthetic Counterparty 0738,AlpineBank Legacy Finance
TX-00739,ACC-009,2026-09-05,150.00,EUR,DEBIT,Synthetic Counterparty 0739,AlpineBank Legacy Finance
TX-00740,ACC-010,2026-09-05,150.00,EUR,DEBIT,Synthetic Counterparty 0740,AlpineBank Legacy Finance
TX-00741,ACC-011,2026-09-05,150.00,EUR,DEBIT,Synthetic Counterparty 0741,AlpineBank Legacy Finance
TX-00742,ACC-012,2026-09-05,150.00,EUR,DEBIT,Synthetic Counterparty 0742,AlpineBank Legacy Finance
TX-00743,ACC-013,2026-09-05,150.00,EUR,DEBIT,Synthetic Counterparty 0743,AlpineBank Legacy Finance
TX-00744,ACC-014,2026-09-05,150.00,EUR,DEBIT,Synthetic Counterparty 0744,AlpineBank Legacy Finance
TX-00745,ACC-015,2026-09-05,150.00,EUR,DEBIT,Synthetic Counterparty 0745,AlpineBank Legacy Finance
TX-00746,ACC-016,2026-09-05,150.00,EUR,DEBIT,Synthetic Counterparty 0746,AlpineBank Legacy Finance
TX-00747,ACC-017,2026-09-05,150.00,EUR,DEBIT,Synthetic Counterparty 0747,AlpineBank Legacy Finance
TX-00748,ACC-001,2026-09-05,150.00,EUR,DEBIT,Synthetic Counterparty 0748,AlpineBank Legacy Finance
TX-00749,ACC-002,2026-09-05,150.00,EUR,DEBIT,Synthetic Counterparty 0749,AlpineBank Legacy Finance
TX-00750,ACC-003,2026-09-05,150.00,EUR,DEBIT,Synthetic Counterparty 0750,AlpineBank Legacy Finance
TX-00751,ACC-004,2026-09-05,150.00,EUR,DEBIT,Synthetic Counterparty 0751,AlpineBank Legacy Finance
TX-00752,ACC-005,2026-09-05,150.00,EUR,DEBIT,Synthetic Counterparty 0752,AlpineBank Legacy Finance
TX-00753,ACC-006,2026-09-05,150.00,EUR,DEBIT,Synthetic Counterparty 0753,AlpineBank Legacy Finance
TX-00754,ACC-007,2026-09-05,150.00,EUR,DEBIT,Synthetic Counterparty 0754,AlpineBank Legacy Finance
TX-00755,ACC-008,2026-09-05,150.00,EUR,DEBIT,Synthetic Counterparty 0755,AlpineBank Legacy Finance
TX-00756,ACC-009,2026-09-05,150.00,EUR,DEBIT,Synthetic Counterparty 0756,AlpineBank Legacy Finance
TX-00757,ACC-010,2026-09-05,150.00,EUR,DEBIT,Synthetic Counterparty 0757,AlpineBank Legacy Finance
TX-00758,ACC-011,2026-09-05,150.00,EUR,DEBIT,Synthetic Counterparty 0758,AlpineBank Legacy Finance
TX-00759,ACC-012,2026-09-05,150.00,EUR,DEBIT,Synthetic Counterparty 0759,AlpineBank Legacy Finance
TX-00760,ACC-013,2026-09-05,150.00,EUR,DEBIT,Synthetic Counterparty 0760,AlpineBank Legacy Finance
TX-00761,ACC-014,2026-09-05,150.00,EUR,DEBIT,Synthetic Counterparty 0761,AlpineBank Legacy Finance
TX-00762,ACC-015,2026-09-05,150.00,EUR,DEBIT,Synthetic Counterparty 0762,AlpineBank Legacy Finance
TX-00763,ACC-016,2026-09-05,150.00,EUR,DEBIT,Synthetic Counterparty 0763,AlpineBank Legacy Finance
TX-00764,ACC-017,2026-09-05,150.00,EUR,DEBIT,Synthetic Counterparty 0764,AlpineBank Legacy Finance
TX-00765,ACC-001,2026-09-05,150.00,EUR,DEBIT,Synthetic Counterparty 0765,AlpineBank Legacy Finance
TX-00766,ACC-002,2026-09-05,150.00,EUR,DEBIT,Synthetic Counterparty 0766,AlpineBank Legacy Finance
TX-00767,ACC-003,2026-09-05,150.00,EUR,DEBIT,Synthetic Counterparty 0767,AlpineBank Legacy Finance
TX-00768,ACC-004,2026-09-05,150.00,EUR,DEBIT,Synthetic Counterparty 0768,AlpineBank Legacy Finance
TX-00769,ACC-005,2026-09-05,150.00,EUR,DEBIT,Synthetic Counterparty 0769,AlpineBank Legacy Finance
TX-00770,ACC-006,2026-09-05,150.00,EUR,DEBIT,Synthetic Counterparty 0770,AlpineBank Legacy Finance
TX-00771,ACC-007,2026-09-05,150.00,EUR,DEBIT,Synthetic Counterparty 0771,AlpineBank Legacy Finance
TX-00772,ACC-008,2026-09-05,150.00,EUR,DEBIT,Synthetic Counterparty 0772,AlpineBank Legacy Finance
TX-00773,ACC-009,2026-09-05,150.00,EUR,DEBIT,Synthetic Counterparty 0773,AlpineBank Legacy Finance
TX-00774,ACC-010,2026-09-05,150.00,EUR,DEBIT,Synthetic Counterparty 0774,AlpineBank Legacy Finance
TX-00775,ACC-011,2026-09-05,150.00,EUR,DEBIT,Synthetic Counterparty 0775,AlpineBank Legacy Finance
TX-00776,ACC-012,2026-09-05,150.00,EUR,DEBIT,Synthetic Counterparty 0776,AlpineBank Legacy Finance
TX-00777,ACC-013,2026-09-05,150.00,EUR,DEBIT,Synthetic Counterparty 0777,AlpineBank Legacy Finance
TX-00778,ACC-014,2026-09-05,150.00,EUR,DEBIT,Synthetic Counterparty 0778,AlpineBank Legacy Finance
TX-00779,ACC-015,2026-09-05,150.00,EUR,DEBIT,Synthetic Counterparty 0779,AlpineBank Legacy Finance
TX-00780,ACC-016,2026-09-05,150.00,EUR,DEBIT,Synthetic Counterparty 0780,AlpineBank Legacy Finance
TX-00781,ACC-017,2026-09-05,150.00,EUR,DEBIT,Synthetic Counterparty 0781,AlpineBank Legacy Finance
TX-00782,ACC-001,2026-09-05,150.00,EUR,DEBIT,Synthetic Counterparty 0782,AlpineBank Legacy Finance
TX-00783,ACC-002,2026-09-05,150.00,EUR,DEBIT,Synthetic Counterparty 0783,AlpineBank Legacy Finance
TX-00784,ACC-003,2026-09-05,150.00,EUR,DEBIT,Synthetic Counterparty 0784,AlpineBank Legacy Finance
TX-00785,ACC-004,2026-09-05,150.00,EUR,DEBIT,Synthetic Counterparty 0785,AlpineBank Legacy Finance
TX-00786,ACC-005,2026-09-05,150.00,EUR,DEBIT,Synthetic Counterparty 0786,AlpineBank Legacy Finance
TX-00787,ACC-006,2026-09-05,150.00,EUR,DEBIT,Synthetic Counterparty 0787,AlpineBank Legacy Finance
TX-00788,ACC-007,2026-09-05,150.00,EUR,DEBIT,Synthetic Counterparty 0788,AlpineBank Legacy Finance
TX-00789,ACC-008,2026-09-05,150.00,EUR,DEBIT,Synthetic Counterparty 0789,AlpineBank Legacy Finance
TX-00790,ACC-009,2026-09-05,150.00,EUR,DEBIT,Synthetic Counterparty 0790,AlpineBank Legacy Finance
TX-00791,ACC-010,2026-09-05,150.00,EUR,DEBIT,Synthetic Counterparty 0791,AlpineBank Legacy Finance
TX-00792,ACC-011,2026-09-05,150.00,EUR,DEBIT,Synthetic Counterparty 0792,AlpineBank Legacy Finance
TX-00793,ACC-012,2026-09-05,150.00,EUR,DEBIT,Synthetic Counterparty 0793,AlpineBank Legacy Finance
TX-00794,ACC-013,2026-09-05,150.00,EUR,DEBIT,Synthetic Counterparty 0794,AlpineBank Legacy Finance
TX-00795,ACC-014,2026-09-05,150.00,EUR,DEBIT,Synthetic Counterparty 0795,AlpineBank Legacy Finance
TX-00796,ACC-015,2026-09-05,150.00,EUR,DEBIT,Synthetic Counterparty 0796,AlpineBank Legacy Finance
TX-00797,ACC-016,2026-09-05,150.00,EUR,DEBIT,Synthetic Counterparty 0797,AlpineBank Legacy Finance
TX-00798,ACC-017,2026-09-05,150.00,EUR,DEBIT,Synthetic Counterparty 0798,AlpineBank Legacy Finance
TX-00799,ACC-001,2026-09-05,150.00,EUR,DEBIT,Synthetic Counterparty 0799,AlpineBank Legacy Finance
TX-00800,ACC-002,2026-09-05,150.00,EUR,DEBIT,Synthetic Counterparty 0800,AlpineBank Legacy Finance
TX-00801,ACC-003,2026-09-05,150.00,EUR,DEBIT,Synthetic Counterparty 0801,AlpineBank Legacy Finance
TX-00802,ACC-004,2026-09-05,150.00,EUR,DEBIT,Synthetic Counterparty 0802,AlpineBank Legacy Finance
TX-00803,ACC-005,2026-09-05,150.00,EUR,DEBIT,Synthetic Counterparty 0803,AlpineBank Legacy Finance
TX-00804,ACC-006,2026-09-05,150.00,EUR,DEBIT,Synthetic Counterparty 0804,AlpineBank Legacy Finance
TX-00805,ACC-007,2026-09-05,150.00,EUR,DEBIT,Synthetic Counterparty 0805,AlpineBank Legacy Finance
TX-00806,ACC-008,2026-09-05,150.00,EUR,DEBIT,Synthetic Counterparty 0806,AlpineBank Legacy Finance
TX-00807,ACC-009,2026-09-05,150.00,EUR,DEBIT,Synthetic Counterparty 0807,AlpineBank Legacy Finance
TX-00808,ACC-010,2026-09-05,150.00,EUR,DEBIT,Synthetic Counterparty 0808,AlpineBank Legacy Finance
TX-00809,ACC-011,2026-09-05,150.00,EUR,DEBIT,Synthetic Counterparty 0809,AlpineBank Legacy Finance
TX-00810,ACC-012,2026-09-05,150.00,EUR,DEBIT,Synthetic Counterparty 0810,AlpineBank Legacy Finance
TX-00811,ACC-013,2026-09-05,150.00,EUR,DEBIT,Synthetic Counterparty 0811,AlpineBank Legacy Finance
TX-00812,ACC-014,2026-09-05,150.00,EUR,DEBIT,Synthetic Counterparty 0812,AlpineBank Legacy Finance
TX-00813,ACC-015,2026-09-05,150.00,EUR,DEBIT,Synthetic Counterparty 0813,AlpineBank Legacy Finance
TX-00814,ACC-016,2026-09-05,150.00,EUR,DEBIT,Synthetic Counterparty 0814,AlpineBank Legacy Finance
TX-00815,ACC-017,2026-09-05,150.00,EUR,DEBIT,Synthetic Counterparty 0815,AlpineBank Legacy Finance
TX-00816,ACC-001,2026-09-05,150.00,EUR,DEBIT,Synthetic Counterparty 0816,AlpineBank Legacy Finance
TX-00817,ACC-002,2026-09-05,150.00,EUR,DEBIT,Synthetic Counterparty 0817,AlpineBank Legacy Finance
TX-00818,ACC-003,2026-09-05,150.00,EUR,DEBIT,Synthetic Counterparty 0818,AlpineBank Legacy Finance
TX-00819,ACC-004,2026-09-05,150.00,EUR,DEBIT,Synthetic Counterparty 0819,AlpineBank Legacy Finance
TX-00820,ACC-005,2026-09-05,150.00,EUR,DEBIT,Synthetic Counterparty 0820,AlpineBank Legacy Finance
TX-00821,ACC-006,2026-09-05,150.00,EUR,DEBIT,Synthetic Counterparty 0821,AlpineBank Legacy Finance
TX-00822,ACC-007,2026-09-05,150.00,EUR,DEBIT,Synthetic Counterparty 0822,AlpineBank Legacy Finance
TX-00823,ACC-008,2026-09-05,150.00,EUR,DEBIT,Synthetic Counterparty 0823,AlpineBank Legacy Finance
TX-00824,ACC-009,2026-09-05,150.00,EUR,DEBIT,Synthetic Counterparty 0824,AlpineBank Legacy Finance
TX-00825,ACC-010,2026-09-05,150.00,EUR,DEBIT,Synthetic Counterparty 0825,AlpineBank Legacy Finance
TX-00826,ACC-011,2026-09-05,150.00,EUR,DEBIT,Synthetic Counterparty 0826,AlpineBank Legacy Finance
TX-00827,ACC-012,2026-09-05,150.00,EUR,DEBIT,Synthetic Counterparty 0827,AlpineBank Legacy Finance
TX-00828,ACC-013,2026-09-05,150.00,EUR,DEBIT,Synthetic Counterparty 0828,AlpineBank Legacy Finance
TX-00829,ACC-014,2026-09-05,150.00,EUR,DEBIT,Synthetic Counterparty 0829,AlpineBank Legacy Finance
TX-00830,ACC-015,2026-09-05,150.00,EUR,DEBIT,Synthetic Counterparty 0830,AlpineBank Legacy Finance
TX-00831,ACC-016,2026-09-05,150.00,EUR,DEBIT,Synthetic Counterparty 0831,AlpineBank Legacy Finance
TX-00832,ACC-017,2026-09-05,150.00,EUR,DEBIT,Synthetic Counterparty 0832,AlpineBank Legacy Finance
TX-00833,ACC-001,2026-09-05,150.00,EUR,DEBIT,Synthetic Counterparty 0833,AlpineBank Legacy Finance
TX-00834,ACC-002,2026-09-05,150.00,EUR,DEBIT,Synthetic Counterparty 0834,AlpineBank Legacy Finance
TX-00835,ACC-003,2026-09-05,150.00,EUR,DEBIT,Synthetic Counterparty 0835,AlpineBank Legacy Finance
TX-00836,ACC-004,2026-09-05,150.00,EUR,DEBIT,Synthetic Counterparty 0836,AlpineBank Legacy Finance
TX-00837,ACC-005,2026-09-05,150.00,EUR,DEBIT,Synthetic Counterparty 0837,AlpineBank Legacy Finance
TX-00838,ACC-006,2026-09-05,150.00,EUR,DEBIT,Synthetic Counterparty 0838,AlpineBank Legacy Finance
TX-00839,ACC-007,2026-09-05,150.00,EUR,DEBIT,Synthetic Counterparty 0839,AlpineBank Legacy Finance
TX-00840,ACC-008,2026-09-05,150.00,EUR,DEBIT,Synthetic Counterparty 0840,AlpineBank Legacy Finance
TX-00841,ACC-009,2026-09-05,150.00,EUR,DEBIT,Synthetic Counterparty 0841,AlpineBank Legacy Finance
TX-00842,ACC-010,2026-09-05,150.00,EUR,DEBIT,Synthetic Counterparty 0842,AlpineBank Legacy Finance
TX-00843,ACC-011,2026-09-05,150.00,EUR,DEBIT,Synthetic Counterparty 0843,AlpineBank Legacy Finance
TX-00844,ACC-012,2026-09-05,150.00,EUR,DEBIT,Synthetic Counterparty 0844,AlpineBank Legacy Finance
TX-00845,ACC-013,2026-09-05,150.00,EUR,DEBIT,Synthetic Counterparty 0845,AlpineBank Legacy Finance
TX-00846,ACC-014,2026-09-05,150.00,EUR,DEBIT,Synthetic Counterparty 0846,AlpineBank Legacy Finance
TX-00847,ACC-015,2026-09-05,150.00,EUR,DEBIT,Synthetic Counterparty 0847,AlpineBank Legacy Finance
TX-00848,ACC-016,2026-09-05,150.00,EUR,DEBIT,Synthetic Counterparty 0848,AlpineBank Legacy Finance
TX-00849,ACC-017,2026-09-05,150.00,EUR,DEBIT,Synthetic Counterparty 0849,AlpineBank Legacy Finance
TX-00850,ACC-001,2026-09-05,150.00,EUR,DEBIT,Synthetic Counterparty 0850,AlpineBank Legacy Finance
TX-00851,ACC-002,2026-09-05,150.00,EUR,DEBIT,Synthetic Counterparty 0851,AlpineBank Legacy Finance
TX-00852,ACC-003,2026-09-05,150.00,EUR,DEBIT,Synthetic Counterparty 0852,AlpineBank Legacy Finance
TX-00853,ACC-004,2026-09-05,150.00,EUR,DEBIT,Synthetic Counterparty 0853,AlpineBank Legacy Finance
TX-00854,ACC-005,2026-09-05,150.00,EUR,DEBIT,Synthetic Counterparty 0854,AlpineBank Legacy Finance
TX-00855,ACC-006,2026-09-05,150.00,EUR,DEBIT,Synthetic Counterparty 0855,AlpineBank Legacy Finance
TX-00856,ACC-007,2026-09-05,150.00,EUR,DEBIT,Synthetic Counterparty 0856,AlpineBank Legacy Finance
TX-00857,ACC-008,2026-09-05,150.00,EUR,DEBIT,Synthetic Counterparty 0857,AlpineBank Legacy Finance
TX-00858,ACC-009,2026-09-05,150.00,EUR,DEBIT,Synthetic Counterparty 0858,AlpineBank Legacy Finance
TX-00859,ACC-010,2026-09-05,150.00,EUR,DEBIT,Synthetic Counterparty 0859,AlpineBank Legacy Finance
TX-00860,ACC-011,2026-09-05,150.00,EUR,DEBIT,Synthetic Counterparty 0860,AlpineBank Legacy Finance
TX-00861,ACC-012,2026-09-05,150.00,EUR,DEBIT,Synthetic Counterparty 0861,AlpineBank Legacy Finance
TX-00862,ACC-013,2026-09-05,150.00,EUR,DEBIT,Synthetic Counterparty 0862,AlpineBank Legacy Finance
TX-00863,ACC-014,2026-09-05,150.00,EUR,DEBIT,Synthetic Counterparty 0863,AlpineBank Legacy Finance
TX-00864,ACC-015,2026-09-05,150.00,EUR,DEBIT,Synthetic Counterparty 0864,AlpineBank Legacy Finance
TX-00865,ACC-016,2026-09-05,150.00,EUR,DEBIT,Synthetic Counterparty 0865,AlpineBank Legacy Finance
TX-00866,ACC-017,2026-09-05,150.00,EUR,DEBIT,Synthetic Counterparty 0866,AlpineBank Legacy Finance
TX-00867,ACC-001,2026-09-05,150.00,EUR,DEBIT,Synthetic Counterparty 0867,AlpineBank Legacy Finance
TX-00868,ACC-002,2026-09-05,150.00,EUR,DEBIT,Synthetic Counterparty 0868,AlpineBank Legacy Finance
TX-00869,ACC-003,2026-09-05,150.00,EUR,DEBIT,Synthetic Counterparty 0869,AlpineBank Legacy Finance
TX-00870,ACC-004,2026-09-05,150.00,EUR,DEBIT,Synthetic Counterparty 0870,AlpineBank Legacy Finance
TX-00871,ACC-005,2026-09-05,150.00,EUR,DEBIT,Synthetic Counterparty 0871,AlpineBank Legacy Finance
TX-00872,ACC-006,2026-09-05,150.00,EUR,DEBIT,Synthetic Counterparty 0872,AlpineBank Legacy Finance
TX-00873,ACC-007,2026-09-05,150.00,EUR,DEBIT,Synthetic Counterparty 0873,AlpineBank Legacy Finance
TX-00874,ACC-008,2026-09-05,150.00,EUR,DEBIT,Synthetic Counterparty 0874,AlpineBank Legacy Finance
TX-00875,ACC-009,2026-09-05,150.00,EUR,DEBIT,Synthetic Counterparty 0875,AlpineBank Legacy Finance
TX-00876,ACC-010,2026-09-05,150.00,EUR,DEBIT,Synthetic Counterparty 0876,AlpineBank Legacy Finance
TX-00877,ACC-011,2026-09-05,150.00,EUR,DEBIT,Synthetic Counterparty 0877,AlpineBank Legacy Finance
TX-00878,ACC-012,2026-09-05,150.00,EUR,DEBIT,Synthetic Counterparty 0878,AlpineBank Legacy Finance
TX-00879,ACC-013,2026-09-05,150.00,EUR,DEBIT,Synthetic Counterparty 0879,AlpineBank Legacy Finance
TX-00880,ACC-014,2026-09-05,150.00,EUR,DEBIT,Synthetic Counterparty 0880,AlpineBank Legacy Finance
TX-00881,ACC-015,2026-09-05,150.00,EUR,DEBIT,Synthetic Counterparty 0881,AlpineBank Legacy Finance
TX-00882,ACC-016,2026-09-05,150.00,EUR,DEBIT,Synthetic Counterparty 0882,AlpineBank Legacy Finance
TX-00883,ACC-017,2026-09-05,150.00,EUR,DEBIT,Synthetic Counterparty 0883,AlpineBank Legacy Finance
TX-00884,ACC-001,2026-09-05,150.00,EUR,DEBIT,Synthetic Counterparty 0884,AlpineBank Legacy Finance
TX-00885,ACC-002,2026-09-05,150.00,EUR,DEBIT,Synthetic Counterparty 0885,AlpineBank Legacy Finance
TX-00886,ACC-003,2026-09-05,150.00,EUR,DEBIT,Synthetic Counterparty 0886,AlpineBank Legacy Finance
TX-00887,ACC-004,2026-09-05,150.00,EUR,DEBIT,Synthetic Counterparty 0887,AlpineBank Legacy Finance
TX-00888,ACC-005,2026-09-05,150.00,EUR,DEBIT,Synthetic Counterparty 0888,AlpineBank Legacy Finance
TX-00889,ACC-006,2026-09-05,150.00,EUR,DEBIT,Synthetic Counterparty 0889,AlpineBank Legacy Finance
TX-00890,ACC-007,2026-09-05,150.00,EUR,DEBIT,Synthetic Counterparty 0890,AlpineBank Legacy Finance
TX-00891,ACC-008,2026-09-05,150.00,EUR,DEBIT,Synthetic Counterparty 0891,AlpineBank Legacy Finance
TX-00892,ACC-009,2026-09-05,150.00,EUR,DEBIT,Synthetic Counterparty 0892,AlpineBank Legacy Finance
TX-00893,ACC-010,2026-09-05,150.00,EUR,DEBIT,Synthetic Counterparty 0893,AlpineBank Legacy Finance
TX-00894,ACC-011,2026-09-05,150.00,EUR,DEBIT,Synthetic Counterparty 0894,AlpineBank Legacy Finance
TX-00895,ACC-012,2026-09-05,150.00,EUR,DEBIT,Synthetic Counterparty 0895,AlpineBank Legacy Finance
TX-00896,ACC-013,2026-09-05,150.00,EUR,DEBIT,Synthetic Counterparty 0896,AlpineBank Legacy Finance
TX-00897,ACC-014,2026-09-05,150.00,EUR,DEBIT,Synthetic Counterparty 0897,AlpineBank Legacy Finance
TX-00898,ACC-015,2026-09-05,150.00,EUR,DEBIT,Synthetic Counterparty 0898,AlpineBank Legacy Finance
TX-00899,ACC-016,2026-09-05,150.00,EUR,DEBIT,Synthetic Counterparty 0899,AlpineBank Legacy Finance
TX-00900,ACC-017,2026-09-05,150.00,EUR,DEBIT,Synthetic Counterparty 0900,AlpineBank Legacy Finance
TX-00901,ACC-001,2026-09-05,150.00,EUR,DEBIT,Synthetic Counterparty 0901,AlpineBank Legacy Finance
TX-00902,ACC-002,2026-09-05,150.00,EUR,DEBIT,Synthetic Counterparty 0902,AlpineBank Legacy Finance
TX-00903,ACC-003,2026-09-05,150.00,EUR,DEBIT,Synthetic Counterparty 0903,AlpineBank Legacy Finance
TX-00904,ACC-004,2026-09-05,150.00,EUR,DEBIT,Synthetic Counterparty 0904,AlpineBank Legacy Finance
TX-00905,ACC-005,2026-09-05,150.00,EUR,DEBIT,Synthetic Counterparty 0905,AlpineBank Legacy Finance
TX-00906,ACC-006,2026-09-05,150.00,EUR,DEBIT,Synthetic Counterparty 0906,AlpineBank Legacy Finance
TX-00907,ACC-007,2026-09-05,150.00,EUR,DEBIT,Synthetic Counterparty 0907,AlpineBank Legacy Finance
TX-00908,ACC-008,2026-09-05,150.00,EUR,DEBIT,Synthetic Counterparty 0908,AlpineBank Legacy Finance
TX-00909,ACC-009,2026-09-05,150.00,EUR,DEBIT,Synthetic Counterparty 0909,AlpineBank Legacy Finance
TX-00910,ACC-010,2026-09-05,150.00,EUR,DEBIT,Synthetic Counterparty 0910,AlpineBank Legacy Finance
TX-00911,ACC-011,2026-09-05,150.00,EUR,DEBIT,Synthetic Counterparty 0911,AlpineBank Legacy Finance
TX-00912,ACC-012,2026-09-05,150.00,EUR,DEBIT,Synthetic Counterparty 0912,AlpineBank Legacy Finance
TX-00913,ACC-013,2026-09-05,150.00,EUR,DEBIT,Synthetic Counterparty 0913,AlpineBank Legacy Finance
TX-00914,ACC-014,2026-09-05,150.00,EUR,DEBIT,Synthetic Counterparty 0914,AlpineBank Legacy Finance
TX-00915,ACC-015,2026-09-05,150.00,EUR,DEBIT,Synthetic Counterparty 0915,AlpineBank Legacy Finance
TX-00916,ACC-016,2026-09-05,150.00,EUR,DEBIT,Synthetic Counterparty 0916,AlpineBank Legacy Finance
TX-00917,ACC-017,2026-09-05,150.00,EUR,DEBIT,Synthetic Counterparty 0917,AlpineBank Legacy Finance
TX-00918,ACC-001,2026-09-05,150.00,EUR,DEBIT,Synthetic Counterparty 0918,AlpineBank Legacy Finance
TX-00919,ACC-002,2026-09-05,150.00,EUR,DEBIT,Synthetic Counterparty 0919,AlpineBank Legacy Finance
TX-00920,ACC-003,2026-09-05,150.00,EUR,DEBIT,Synthetic Counterparty 0920,AlpineBank Legacy Finance
TX-00921,ACC-004,2026-09-05,150.00,EUR,DEBIT,Synthetic Counterparty 0921,AlpineBank Legacy Finance
TX-00922,ACC-005,2026-09-05,150.00,EUR,DEBIT,Synthetic Counterparty 0922,AlpineBank Legacy Finance
TX-00923,ACC-006,2026-09-05,150.00,EUR,DEBIT,Synthetic Counterparty 0923,AlpineBank Legacy Finance
TX-00924,ACC-007,2026-09-05,150.00,EUR,DEBIT,Synthetic Counterparty 0924,AlpineBank Legacy Finance
TX-00925,ACC-008,2026-09-05,150.00,EUR,DEBIT,Synthetic Counterparty 0925,AlpineBank Legacy Finance
TX-00926,ACC-009,2026-09-05,150.00,EUR,DEBIT,Synthetic Counterparty 0926,AlpineBank Legacy Finance
TX-00927,ACC-010,2026-09-05,150.00,EUR,DEBIT,Synthetic Counterparty 0927,AlpineBank Legacy Finance
TX-00928,ACC-011,2026-09-05,150.00,EUR,DEBIT,Synthetic Counterparty 0928,AlpineBank Legacy Finance
TX-00929,ACC-012,2026-09-05,150.00,EUR,DEBIT,Synthetic Counterparty 0929,AlpineBank Legacy Finance
TX-00930,ACC-013,2026-09-05,150.00,EUR,DEBIT,Synthetic Counterparty 0930,AlpineBank Legacy Finance
TX-00931,ACC-014,2026-09-05,150.00,EUR,DEBIT,Synthetic Counterparty 0931,AlpineBank Legacy Finance
TX-00932,ACC-015,2026-09-05,150.00,EUR,DEBIT,Synthetic Counterparty 0932,AlpineBank Legacy Finance
TX-00933,ACC-016,2026-09-05,150.00,EUR,DEBIT,Synthetic Counterparty 0933,AlpineBank Legacy Finance
TX-00934,ACC-017,2026-09-05,150.00,EUR,DEBIT,Synthetic Counterparty 0934,AlpineBank Legacy Finance
TX-00935,ACC-001,2026-09-05,150.00,EUR,DEBIT,Synthetic Counterparty 0935,AlpineBank Legacy Finance
TX-00936,ACC-002,2026-09-05,150.00,EUR,DEBIT,Synthetic Counterparty 0936,AlpineBank Legacy Finance
TX-00937,ACC-003,2026-09-05,150.00,EUR,DEBIT,Synthetic Counterparty 0937,AlpineBank Legacy Finance
TX-00938,ACC-004,2026-09-05,150.00,EUR,DEBIT,Synthetic Counterparty 0938,AlpineBank Legacy Finance
TX-00939,ACC-005,2026-09-05,150.00,EUR,DEBIT,Synthetic Counterparty 0939,AlpineBank Legacy Finance
TX-00940,ACC-006,2026-09-05,150.00,EUR,DEBIT,Synthetic Counterparty 0940,AlpineBank Legacy Finance
TX-00941,ACC-007,2026-09-05,150.00,EUR,DEBIT,Synthetic Counterparty 0941,AlpineBank Legacy Finance
TX-00942,ACC-008,2026-09-05,150.00,EUR,DEBIT,Synthetic Counterparty 0942,AlpineBank Legacy Finance
TX-00943,ACC-009,2026-09-05,150.00,EUR,DEBIT,Synthetic Counterparty 0943,AlpineBank Legacy Finance
TX-00944,ACC-010,2026-09-05,150.00,EUR,DEBIT,Synthetic Counterparty 0944,AlpineBank Legacy Finance
TX-00945,ACC-011,2026-09-05,150.00,EUR,DEBIT,Synthetic Counterparty 0945,AlpineBank Legacy Finance
TX-00946,ACC-012,2026-09-05,150.00,EUR,DEBIT,Synthetic Counterparty 0946,AlpineBank Legacy Finance
TX-00947,ACC-013,2026-09-05,150.00,EUR,DEBIT,Synthetic Counterparty 0947,AlpineBank Legacy Finance
TX-00948,ACC-014,2026-09-05,150.00,EUR,DEBIT,Synthetic Counterparty 0948,AlpineBank Legacy Finance
TX-00949,ACC-015,2026-09-05,150.00,EUR,DEBIT,Synthetic Counterparty 0949,AlpineBank Legacy Finance
TX-00950,ACC-016,2026-09-05,150.00,EUR,DEBIT,Synthetic Counterparty 0950,AlpineBank Legacy Finance
TX-00951,ACC-017,2026-09-05,150.00,EUR,DEBIT,Synthetic Counterparty 0951,AlpineBank Legacy Finance
TX-00952,ACC-001,2026-09-05,150.00,EUR,DEBIT,Synthetic Counterparty 0952,AlpineBank Legacy Finance
TX-00953,ACC-002,2026-09-05,150.00,EUR,DEBIT,Synthetic Counterparty 0953,AlpineBank Legacy Finance
TX-00954,ACC-003,2026-09-05,150.00,EUR,DEBIT,Synthetic Counterparty 0954,AlpineBank Legacy Finance
TX-00955,ACC-004,2026-09-05,150.00,EUR,DEBIT,Synthetic Counterparty 0955,AlpineBank Legacy Finance
TX-00956,ACC-005,2026-09-05,150.00,EUR,DEBIT,Synthetic Counterparty 0956,AlpineBank Legacy Finance
TX-00957,ACC-006,2026-09-05,150.00,EUR,DEBIT,Synthetic Counterparty 0957,AlpineBank Legacy Finance
TX-00958,ACC-007,2026-09-05,150.00,EUR,DEBIT,Synthetic Counterparty 0958,AlpineBank Legacy Finance
TX-00959,ACC-008,2026-09-05,150.00,EUR,DEBIT,Synthetic Counterparty 0959,AlpineBank Legacy Finance
TX-00960,ACC-009,2026-09-05,150.00,EUR,DEBIT,Synthetic Counterparty 0960,AlpineBank Legacy Finance
TX-00961,ACC-010,2026-09-05,150.00,EUR,DEBIT,Synthetic Counterparty 0961,AlpineBank Legacy Finance
TX-00962,ACC-011,2026-09-05,150.00,EUR,DEBIT,Synthetic Counterparty 0962,AlpineBank Legacy Finance
TX-00963,ACC-012,2026-09-05,150.00,EUR,DEBIT,Synthetic Counterparty 0963,AlpineBank Legacy Finance
TX-00964,ACC-013,2026-09-05,150.00,EUR,DEBIT,Synthetic Counterparty 0964,AlpineBank Legacy Finance
TX-00965,ACC-014,2026-09-05,150.00,EUR,DEBIT,Synthetic Counterparty 0965,AlpineBank Legacy Finance
TX-00966,ACC-015,2026-09-05,150.00,EUR,DEBIT,Synthetic Counterparty 0966,AlpineBank Legacy Finance
TX-00967,ACC-016,2026-09-05,150.00,EUR,DEBIT,Synthetic Counterparty 0967,AlpineBank Legacy Finance
TX-00968,ACC-017,2026-09-05,150.00,EUR,DEBIT,Synthetic Counterparty 0968,AlpineBank Legacy Finance
TX-00969,ACC-001,2026-09-05,150.00,EUR,DEBIT,Synthetic Counterparty 0969,AlpineBank Legacy Finance
TX-00970,ACC-002,2026-09-05,150.00,EUR,DEBIT,Synthetic Counterparty 0970,AlpineBank Legacy Finance
TX-00971,ACC-003,2026-09-05,150.00,EUR,DEBIT,Synthetic Counterparty 0971,AlpineBank Legacy Finance
TX-00972,ACC-004,2026-09-05,150.00,EUR,DEBIT,Synthetic Counterparty 0972,AlpineBank Legacy Finance
TX-00973,ACC-005,2026-09-05,150.00,EUR,DEBIT,Synthetic Counterparty 0973,AlpineBank Legacy Finance
TX-00974,ACC-006,2026-09-05,150.00,EUR,DEBIT,Synthetic Counterparty 0974,AlpineBank Legacy Finance
TX-00975,ACC-007,2026-09-05,150.00,EUR,DEBIT,Synthetic Counterparty 0975,AlpineBank Legacy Finance
TX-00976,ACC-008,2026-09-05,150.00,EUR,DEBIT,Synthetic Counterparty 0976,AlpineBank Legacy Finance
TX-00977,ACC-009,2026-09-05,150.00,EUR,DEBIT,Synthetic Counterparty 0977,AlpineBank Legacy Finance
TX-00978,ACC-010,2026-09-05,150.00,EUR,DEBIT,Synthetic Counterparty 0978,AlpineBank Legacy Finance
TX-00979,ACC-011,2026-09-05,150.00,EUR,DEBIT,Synthetic Counterparty 0979,AlpineBank Legacy Finance
TX-00980,ACC-012,2026-09-05,150.00,EUR,DEBIT,Synthetic Counterparty 0980,AlpineBank Legacy Finance
TX-00981,ACC-013,2026-09-05,150.00,EUR,DEBIT,Synthetic Counterparty 0981,AlpineBank Legacy Finance
TX-00982,ACC-014,2026-09-05,150.00,EUR,DEBIT,Synthetic Counterparty 0982,AlpineBank Legacy Finance
TX-00983,ACC-015,2026-09-05,150.00,EUR,DEBIT,Synthetic Counterparty 0983,AlpineBank Legacy Finance
TX-00984,ACC-016,2026-09-05,150.00,EUR,DEBIT,Synthetic Counterparty 0984,AlpineBank Legacy Finance
TX-00985,ACC-017,2026-09-05,150.00,EUR,DEBIT,Synthetic Counterparty 0985,AlpineBank Legacy Finance
TX-00986,ACC-001,2026-09-05,150.00,EUR,DEBIT,Synthetic Counterparty 0986,AlpineBank Legacy Finance
TX-00987,ACC-002,2026-09-05,150.00,EUR,DEBIT,Synthetic Counterparty 0987,AlpineBank Legacy Finance
TX-00988,ACC-003,2026-09-05,150.00,EUR,DEBIT,Synthetic Counterparty 0988,AlpineBank Legacy Finance
TX-00989,ACC-004,2026-09-05,150.00,EUR,DEBIT,Synthetic Counterparty 0989,AlpineBank Legacy Finance
TX-00990,ACC-005,2026-09-05,150.00,EUR,DEBIT,Synthetic Counterparty 0990,AlpineBank Legacy Finance
TX-00991,ACC-006,2026-09-05,150.00,EUR,DEBIT,Synthetic Counterparty 0991,AlpineBank Legacy Finance
TX-00992,ACC-007,2026-09-05,150.00,EUR,DEBIT,Synthetic Counterparty 0992,AlpineBank Legacy Finance
TX-00993,ACC-008,2026-09-05,150.00,EUR,DEBIT,Synthetic Counterparty 0993,AlpineBank Legacy Finance
TX-00994,ACC-009,2026-09-05,150.00,EUR,DEBIT,Synthetic Counterparty 0994,AlpineBank Legacy Finance
TX-00995,ACC-010,2026-09-05,150.00,EUR,DEBIT,Synthetic Counterparty 0995,AlpineBank Legacy Finance
TX-00996,ACC-011,2026-09-05,150.00,EUR,DEBIT,Synthetic Counterparty 0996,AlpineBank Legacy Finance
TX-00997,ACC-012,2026-09-05,150.00,EUR,DEBIT,Synthetic Counterparty 0997,AlpineBank Legacy Finance
TX-00998,ACC-013,2026-09-05,150.00,EUR,DEBIT,Synthetic Counterparty 0998,AlpineBank Legacy Finance
TX-00999,ACC-014,2026-09-05,150.00,EUR,DEBIT,Synthetic Counterparty 0999,AlpineBank Legacy Finance
TX-01000,ACC-015,2026-09-05,150.00,EUR,DEBIT,Synthetic Counterparty 1000,AlpineBank Legacy Finance
TX-01001,ACC-016,2026-09-05,150.00,EUR,DEBIT,Synthetic Counterparty 1001,AlpineBank Legacy Finance
TX-01002,ACC-017,2026-09-05,150.00,EUR,DEBIT,Synthetic Counterparty 1002,AlpineBank Legacy Finance
TX-01003,ACC-001,2026-09-05,150.00,EUR,DEBIT,Synthetic Counterparty 1003,AlpineBank Legacy Finance
TX-01004,ACC-002,2026-09-05,150.00,EUR,DEBIT,Synthetic Counterparty 1004,AlpineBank Legacy Finance
TX-01005,ACC-003,2026-09-05,150.00,EUR,DEBIT,Synthetic Counterparty 1005,AlpineBank Legacy Finance
TX-01006,ACC-004,2026-09-05,150.00,EUR,DEBIT,Synthetic Counterparty 1006,AlpineBank Legacy Finance
TX-01007,ACC-005,2026-09-05,150.00,EUR,DEBIT,Synthetic Counterparty 1007,AlpineBank Legacy Finance
TX-01008,ACC-006,2026-09-05,150.00,EUR,DEBIT,Synthetic Counterparty 1008,AlpineBank Legacy Finance
TX-01009,ACC-007,2026-09-05,150.00,EUR,DEBIT,Synthetic Counterparty 1009,AlpineBank Legacy Finance
TX-01010,ACC-008,2026-09-05,150.00,EUR,DEBIT,Synthetic Counterparty 1010,AlpineBank Legacy Finance
TX-01013,ACC-011,2026-09-05,150.00,EUR,DEBIT,Synthetic Counterparty 1013,AlpineBank Legacy Finance
TX-01014,ACC-012,2026-09-05,150.00,EUR,DEBIT,Synthetic Counterparty 1014,AlpineBank Legacy Finance
TX-01015,ACC-013,2026-09-05,150.00,EUR,DEBIT,Synthetic Counterparty 1015,AlpineBank Legacy Finance
TX-01016,ACC-014,2026-09-05,150.00,EUR,DEBIT,Synthetic Counterparty 1016,AlpineBank Legacy Finance
TX-01017,ACC-015,2026-09-05,150.00,EUR,DEBIT,Synthetic Counterparty 1017,AlpineBank Legacy Finance
TX-01018,ACC-016,2026-09-05,150.00,EUR,DEBIT,Synthetic Counterparty 1018,AlpineBank Legacy Finance
TX-01019,ACC-017,2026-09-05,150.00,EUR,DEBIT,Synthetic Counterparty 1019,AlpineBank Legacy Finance
TX-01020,ACC-001,2026-09-05,150.00,EUR,DEBIT,Synthetic Counterparty 1020,AlpineBank Legacy Finance
TX-01021,ACC-002,2026-09-05,22350.00,EUR,DEBIT,Synthetic Counterparty 1021,AlpineBank Legacy Finance
TX-00482,ACC-007,2026-09-05,200.00,EUR,CREDIT,Synthetic Counterparty 0482,AlpineBank Legacy Finance
TX-00791,ACC-010,2026-09-05,150.00,EUR,DEBIT,Synthetic Counterparty 0791,AlpineBank Legacy Finance
TX-00902,ACC-002,2026-09-05,150.00,EUR,DEBIT,Synthetic Counterparty 0902,AlpineBank Legacy Finance
TX-01011,ACC-011,2026-09-05,10.00,EUX,CREDIT,Synthetic Invalid Currency A,AlpineBank Legacy Finance
TX-01012,ACC-012,2026-09-05,20.00,EURO,DEBIT,Synthetic Invalid Currency B,AlpineBank Legacy Finance
